Guardians of the Galaxy,Chris Pratt- Vin Diesel- Bradley Cooper- Zoe Saldana
Prometheus,Noomi Rapace- Logan Marshall-Green- Michael Fassbender- Charlize Theron
Split,James McAvoy- Anya Taylor-Joy- Haley Lu Richardson- Jessica Sula
Sing,Matthew McConaughey-Reese Witherspoon- Seth MacFarlane- Scarlett Johansson
Suicide Squad,Will Smith- Jared Leto- Margot Robbie- Viola Davis
The Great Wall,Matt Damon- Tian Jing- Willem Dafoe- Andy Lau
La La Land,Ryan Gosling- Emma Stone- Rosemarie DeWitt- J.K. Simmons
Mindhorn,Essie Davis- Andrea Riseborough- Julian Barratt-Kenneth Branagh
The Lost City of Z,Charlie Hunnam- Robert Pattinson- Sienna Miller- Tom Holland
Passengers,Jennifer Lawrence- Chris Pratt- Michael Sheen-Laurence Fishburne
Fantastic Beasts and Where to Find Them,Eddie Redmayne- Katherine Waterston- Alison Sudol-Dan Fogler
Hidden Figures,Taraji P. Henson- Octavia Spencer- Janelle Monáe-Kevin Costner
Rogue One,Felicity Jones- Diego Luna- Alan Tudyk- Donnie Yen
Moana,Auli'i Cravalho- Dwayne Johnson- Rachel House- Temuera Morrison
Colossal,Anne Hathaway- Jason Sudeikis- Austin Stowell-Tim Blake Nelson
The Secret Life of Pets,Louis C.K.- Eric Stonestreet- Kevin Hart- Lake Bell
Hacksaw Ridge,Andrew Garfield- Sam Worthington- Luke Bracey-Teresa Palmer
Jason Bourne,Matt Damon- Tommy Lee Jones- Alicia Vikander-Vincent Cassel
Lion,Dev Patel- Nicole Kidman- Rooney Mara- Sunny Pawar
Arrival,Amy Adams- Jeremy Renner- Forest Whitaker-Michael Stuhlbarg
Gold,Matthew McConaughey- Edgar Ramírez- Bryce Dallas Howard- Corey Stoll
Manchester by the Sea,Casey Affleck- Michelle Williams- Kyle Chandler-Lucas Hedges
Hounds of Love,Emma Booth- Ashleigh Cummings- Stephen Curry-Susie Porter
Trolls,Anna Kendrick- Justin Timberlake-Zooey Deschanel- Christopher Mintz-Plasse
Independence Day: Resurgence,Liam Hemsworth- Jeff Goldblum- Bill Pullman-Maika Monroe
Paris pieds nus,Fiona Gordon- Dominique Abel-Emmanuelle Riva- Pierre Richard
Bahubali: The Beginning,Prabhas- Rana Daggubati- Anushka Shetty-Tamannaah Bhatia
Dead Awake,Jocelin Donahue- Jesse Bradford- Jesse Borrego-Lori Petty
Bad Moms,Mila Kunis- Kathryn Hahn- Kristen Bell-Christina Applegate
Assassin's Creed,Michael Fassbender- Marion Cotillard- Jeremy Irons-Brendan Gleeson
Why Him?,Zoey Deutch- James Franco- Tangie Ambrose-Cedric the Entertainer
Nocturnal Animals,Amy Adams- Jake Gyllenhaal- Michael Shannon- Aaron Taylor-Johnson
X-Men: Apocalypse,James McAvoy- Michael Fassbender- Jennifer Lawrence- Nicholas Hoult
Deadpool,Ryan Reynolds- Morena Baccarin- T.J. Miller- Ed Skrein
Resident Evil: The Final Chapter,Milla Jovovich- Iain Glen- Ali Larter- Shawn Roberts
Captain America: Civil War,Chris Evans- Robert Downey Jr.-Scarlett Johansson- Sebastian Stan
Interstellar,Matthew McConaughey- Anne Hathaway- Jessica Chastain- Mackenzie Foy
Doctor Strange,Benedict Cumberbatch- Chiwetel Ejiofor- Rachel McAdams- Benedict Wong
The Magnificent Seven,Denzel Washington- Chris Pratt- Ethan Hawke-Vincent D'Onofrio
5- 25- 77,John Francis Daley- Austin Pendleton- Colleen Camp- Neil Flynn
Sausage Party,Seth Rogen- Kristen Wiig- Jonah Hill- Alistair Abell
Moonlight,Mahershala Ali- Shariff Earp- Duan Sanderson- Alex R. Hibbert
Don't Fuck in the Woods,Brittany Blanton- Ayse Howard- Roman Jossart-Nadia White
The Founder,Michael Keaton- Nick Offerman- John Carroll Lynch- Linda Cardellini
Lowriders,Gabriel Chavarria- Demián Bichir- Theo Rossi-Tony Revolori
Pirates of the Caribbean: On Stranger Tides,Johnny Depp- Penélope Cruz- Ian McShane- Geoffrey Rush
Miss Sloane,Jessica Chastain- Mark Strong- Gugu Mbatha-Raw-Michael Stuhlbarg
Fallen,Hermione Corfield- Addison Timlin- Joely Richardson-Jeremy Irvine
Star Trek Beyond,Chris Pine- Zachary Quinto- Karl Urban- Zoe Saldana
The Last Face,Charlize Theron- Javier Bardem- Adèle Exarchopoulos-Jared Harris
Star Wars: Episode VII - The Force Awakens,Daisy Ridley- John Boyega- Oscar Isaac- Domhnall Gleeson
Underworld: Blood Wars,Kate Beckinsale- Theo James- Tobias Menzies- Lara Pulver
Mother's Day,Jennifer Aniston- Kate Hudson- Julia Roberts- Jason Sudeikis
John Wick,Keanu Reeves- Michael Nyqvist- Alfie Allen- Willem Dafoe
The Dark Knight,Christian Bale- Heath Ledger- Aaron Eckhart-Michael Caine
Silence,Andrew Garfield- Adam Driver- Liam Neeson-Tadanobu Asano
Don't Breathe,Stephen Lang- Jane Levy- Dylan Minnette- Daniel Zovatto
Me Before You,Emilia Clarke- Sam Claflin- Janet McTeer- Charles Dance
Their Finest,Gemma Arterton- Sam Claflin- Bill Nighy- Jack Huston
Sully,Tom Hanks- Aaron Eckhart- Laura Linney- Valerie Mahaffey
Batman v Superman: Dawn of Justice,Ben Affleck- Henry Cavill- Amy Adams- Jesse Eisenberg
The Autopsy of Jane Doe,Brian Cox- Emile Hirsch- Ophelia Lovibond- Michael McElhatton
The Girl on the Train,Emily Blunt- Haley Bennett- Rebecca Ferguson- Justin Theroux
Fifty Shades of Grey,Dakota Johnson- Jamie Dornan- Jennifer Ehle-Eloise Mumford
The Prestige,Christian Bale- Hugh Jackman- Scarlett Johansson- Michael Caine
Kingsman: The Secret Service,Colin Firth- Taron Egerton- Samuel L. Jackson-Michael Caine
Patriots Day,Mark Wahlberg- Michelle Monaghan- J.K. Simmons- John Goodman
Mad Max: Fury Road,Tom Hardy- Charlize Theron- Nicholas Hoult- Zoë Kravitz
Wakefield,Bryan Cranston- Jennifer Garner- Beverly D'Angelo-Jason O'Mara
Deepwater Horizon,Mark Wahlberg- Kurt Russell- Douglas M. Griffin- James DuMont
The Promise,Oscar Isaac- Charlotte Le Bon- Christian Bale- Daniel Giménez Cacho
Allied,Brad Pitt- Marion Cotillard- Jared Harris- Vincent Ebrahim
A Monster Calls,Lewis MacDougall- Sigourney Weaver- Felicity Jones-Toby Kebbell
Collateral Beauty,Will Smith- Edward Norton- Kate Winslet- Michael Peña
Zootopia,Ginnifer Goodwin- Jason Bateman- Idris Elba- Jenny Slate
Pirates of the Caribbean: At World's End,Johnny Depp- Orlando Bloom- Keira Knightley-Geoffrey Rush
The Avengers,Robert Downey Jr.- Chris Evans- Scarlett Johansson-Jeremy Renner
Inglourious Basterds,Brad Pitt- Diane Kruger- Eli Roth-Mélanie Laurent
Pirates of the Caribbean: Dead Man's Chest,Johnny Depp- Orlando Bloom- Keira Knightley- Jack Davenport
Ghostbusters,Melissa McCarthy- Kristen Wiig- Kate McKinnon- Leslie Jones
Inception,Leonardo DiCaprio- Joseph Gordon-Levitt- Ellen Page- Ken Watanabe
Captain Fantastic,Viggo Mortensen- George MacKay- Samantha Isler-Annalise Basso
The Wolf of Wall Street,Leonardo DiCaprio- Jonah Hill- Margot Robbie-Matthew McConaughey
Gone Girl,Ben Affleck- Rosamund Pike- Neil Patrick Harris-Tyler Perry
Furious Seven,Vin Diesel- Paul Walker- Dwayne Johnson- Jason Statham
Jurassic World,Chris Pratt- Bryce Dallas Howard- Ty Simpkins-Judy Greer
Live by Night,Ben Affleck- Elle Fanning- Brendan Gleeson- Chris Messina
Avatar,Sam Worthington- Zoe Saldana- Sigourney Weaver- Michelle Rodriguez
The Hateful Eight,Samuel L. Jackson- Kurt Russell- Jennifer Jason Leigh- Walton Goggins
The Accountant,Ben Affleck- Anna Kendrick- J.K. Simmons- Jon Bernthal
Prisoners,Hugh Jackman- Jake Gyllenhaal- Viola Davis-Melissa Leo
Warcraft,Travis Fimmel- Paula Patton- Ben Foster- Dominic Cooper
The Help,Emma Stone- Viola Davis- Octavia Spencer- Bryce Dallas Howard
War Dogs,Jonah Hill- Miles Teller- Steve Lantz- Gregg Weiner
Avengers: Age of Ultron,Robert Downey Jr.- Chris Evans- Mark Ruffalo- Chris Hemsworth
The Nice Guys,Russell Crowe- Ryan Gosling- Angourie Rice- Matt Bomer
Kimi no na wa,Ryûnosuke Kamiki- Mone Kamishiraishi- Ryô Narita- Aoi Yuki
Personal Shopper,Kristen Stewart- Lars Eidinger- Sigrid Bouaziz-Anders Danielsen Lie
The Departed,Leonardo DiCaprio- Matt Damon- Jack Nicholson- Mark Wahlberg
Legend,Tom Hardy- Emily Browning- Taron Egerton- Paul Anderson
Thor,Chris Hemsworth- Anthony Hopkins- Natalie Portman- Tom Hiddleston
The Martian,Matt Damon- Jessica Chastain- Kristen Wiig- Kate Mara
Contratiempo,Mario Casas- Ana Wagener- José Coronado- Bárbara Lennie
The Man from U.N.C.L.E.,Henry Cavill- Armie Hammer- Alicia Vikander- Elizabeth Debicki
Hell or High Water,Chris Pine- Ben Foster- Jeff Bridges- Gil Birmingham
The Comedian,Robert De Niro- Leslie Mann- Danny DeVito- Edie Falco
The Legend of Tarzan,Alexander Skarsgård- Rory J. Saper- Christian Stevens- Christoph Waltz
All We Had,Eve Lindley- Richard Kind- Mark Consuelos- Katherine Reis
Ex Machina,Alicia Vikander- Domhnall Gleeson- Oscar Isaac-Sonoya Mizuno
The Belko Experiment,John Gallagher Jr.- Tony Goldwyn- Adria Arjona- John C. McGinley
12 Years a Slave,Chiwetel Ejiofor- Michael Kenneth Williams- Michael Fassbender- Brad Pitt
The Bad Batch,Keanu Reeves- Jason Momoa- Jim Carrey- Diego Luna
300,Gerard Butler- Lena Headey- David Wenham- Dominic West
Harry Potter and the Deathly Hallows: Part 2,Daniel Radcliffe- Emma Watson- Rupert Grint- Michael Gambon
Office Christmas Party,Jason Bateman- Olivia Munn- T.J. Miller-Jennifer Aniston
The Neon Demon,Elle Fanning- Christina Hendricks- Keanu Reeves- Karl Glusman
Dangal,Aamir Khan- Sakshi Tanwar- Fatima Sana Shaikh-Sanya Malhotra
10 Cloverfield Lane,John Goodman- Mary Elizabeth Winstead- John Gallagher Jr.- Douglas M. Griffin
Finding Dory,Ellen DeGeneres- Albert Brooks-Ed O'Neill- Kaitlin Olson
Miss Peregrine's Home for Peculiar Children,Eva Green- Asa Butterfield- Samuel L. Jackson- Judi Dench
Divergent,Shailene Woodley- Theo James- Kate Winslet- Jai Courtney
Mike and Dave Need Wedding Dates,Zac Efron- Adam Devine- Anna Kendrick- Aubrey Plaza
Boyka: Undisputed IV,Scott Adkins- Teodora Duhovnikova- Alon Aboutboul- Julian Vergov
The Dark Knight Rises,Christian Bale- Tom Hardy- Anne Hathaway-Gary Oldman
The Jungle Book,Neel Sethi- Bill Murray- Ben Kingsley- Idris Elba
Transformers: Age of Extinction,Mark Wahlberg- Nicola Peltz- Jack Reynor- Stanley Tucci
Nerve,Emma Roberts- Dave Franco- Emily Meade- Miles Heizer
Mamma Mia!,Meryl Streep- Pierce Brosnan- Amanda Seyfried-Stellan Skarsgård
The Revenant,Leonardo DiCaprio- Tom Hardy- Will Poulter- Domhnall Gleeson
Fences,Denzel Washington- Viola Davis- Stephen Henderson- Jovan Adepo
Into the Woods,Anna Kendrick- Meryl Streep- Chris Pine- Emily Blunt
The Shallows,Blake Lively- Óscar Jaenada- Angelo Josue Lozano Corzo- Brett Cullen
Whiplash,Miles Teller- J.K. Simmons- Melissa Benoist- Paul Reiser
Furious 6,Vin Diesel- Paul Walker- Dwayne Johnson- Michelle Rodriguez
The Place Beyond the Pines,Ryan Gosling- Bradley Cooper- Eva Mendes-Craig Van Hook
No Country for Old Men,Tommy Lee Jones- Javier Bardem- Josh Brolin- Woody Harrelson
The Great Gatsby,Leonardo DiCaprio- Carey Mulligan- Joel Edgerton-Tobey Maguire
Shutter Island,Leonardo DiCaprio- Emily Mortimer- Mark Ruffalo-Ben Kingsley
Brimstone,Dakota Fanning- Guy Pearce- Kit Harington-Carice van Houten
Star Trek,Chris Pine- Zachary Quinto- Simon Pegg- Leonard Nimoy
Diary of a Wimpy Kid,Zachary Gordon- Robert Capron- Rachael Harris-Steve Zahn
The Big Short,Christian Bale- Steve Carell- Ryan Gosling- Brad Pitt
Room,Brie Larson- Jacob Tremblay- Sean Bridgers-Wendy Crewson
Django Unchained,Jamie Foxx- Christoph Waltz- Leonardo DiCaprio-Kerry Washington
Ah-ga-ssi,Min-hee Kim- Jung-woo Ha- Jin-woong Jo- So-ri Moon
The Edge of Seventeen,Hailee Steinfeld- Haley Lu Richardson- Blake Jenner- Kyra Sedgwick
Watchmen,Jackie Earle Haley- Patrick Wilson- Carla Gugino-Malin Akerman
Superbad,Michael Cera- Jonah Hill- Christopher Mintz-Plasse- Bill Hader
Inferno,Tom Hanks- Felicity Jones- Irrfan Khan- Ben Foster
The BFG,Mark Rylance- Ruby Barnhill- Penelope Wilton-Jemaine Clement
The Hunger Games,Jennifer Lawrence- Josh Hutcherson- Liam Hemsworth-Stanley Tucci
White Girl,Morgan Saylor- Brian Marc- Justin Bartha- Adrian Martinez
Sicario,Emily Blunt- Josh Brolin- Benicio Del Toro- Jon Bernthal
Twin Peaks: The Missing Pieces,Chris Isaak- Kiefer Sutherland- C.H. Evans- Sandra Kinder
Aliens vs Predator - Requiem,Reiko Aylesworth- Steven Pasquale-Shareeka Epps- John Ortiz
Pacific Rim,Idris Elba- Charlie Hunnam- Rinko Kikuchi-Charlie Day
Crazy- Stupid- Love.,Steve Carell- Ryan Gosling- Julianne Moore- Emma Stone
Scott Pilgrim vs. the World,Michael Cera- Mary Elizabeth Winstead- Kieran Culkin- Alison Pill
Hot Fuzz,Simon Pegg- Nick Frost- Martin Freeman- Bill Nighy
Mine,Armie Hammer- Annabelle Wallis-Tom Cullen- Clint Dyer
Free Fire,Sharlto Copley- Brie Larson- Armie Hammer- Cillian Murphy
X-Men: Days of Future Past,Patrick Stewart- Ian McKellen- Hugh Jackman- James McAvoy
Jack Reacher: Never Go Back,Tom Cruise- Cobie Smulders- Aldis Hodge- Robert Knepper
Casino Royale,Daniel Craig- Eva Green- Judi Dench- Jeffrey Wright
Twilight,Kristen Stewart- Robert Pattinson- Billy Burke-Sarah Clarke
Now You See Me 2,Jesse Eisenberg- Mark Ruffalo- Woody Harrelson- Dave Franco
Woman in Gold,Helen Mirren- Ryan Reynolds- Daniel Brühl- Katie Holmes
13 Hours,John Krasinski- Pablo Schreiber- James Badge Dale-David Denman
Spectre,Daniel Craig- Christoph Waltz- Léa Seydoux- Ralph Fiennes
Nightcrawler,Jake Gyllenhaal- Rene Russo- Bill Paxton- Riz Ahmed
Kubo and the Two Strings,Charlize Theron- Art Parkinson- Matthew McConaughey- Ralph Fiennes
Beyond the Gates,Graham Skipper- Chase Williamson- Brea Grant-Barbara Crampton
Her,Joaquin Phoenix- Amy Adams- Scarlett Johansson-Rooney Mara
Frozen,Kristen Bell- Idina Menzel- Jonathan Groff- Josh Gad
Tomorrowland,George Clooney- Britt Robertson- Hugh Laurie- Raffey Cassidy
Dawn of the Planet of the Apes,Gary Oldman- Keri Russell- Andy Serkis- Kodi Smit-McPhee
Tropic Thunder,Ben Stiller- Jack Black- Robert Downey Jr.- Jeff Kahn
The Conjuring 2,Vera Farmiga- Patrick Wilson- Madison Wolfe- Frances O'Connor
Ant-Man,Paul Rudd- Michael Douglas- Corey Stoll- Evangeline Lilly
Bridget Jones's Baby,Renée Zellweger- Gemma Jones- Jim Broadbent-Sally Phillips
The VVitch: A New-England Folktale,Anya Taylor-Joy- Ralph Ineson- Kate Dickie- Julian Richings
Cinderella,Lily James- Cate Blanchett- Richard Madden-Helena Bonham Carter
Realive,Tom Hughes- Charlotte Le Bon- Oona Chaplin- Barry Ward
Forushande,Taraneh Alidoosti- Shahab Hosseini- Babak Karimi-Farid Sajjadi Hosseini
Love,Aomi Muyock- Karl Glusman- Klara Kristin- Juan Saavedra
Billy Lynn's Long Halftime Walk,Joe Alwyn- Garrett Hedlund- Arturo Castro- Mason Lee
Crimson Peak,Mia Wasikowska- Jessica Chastain- Tom Hiddleston- Charlie Hunnam
Drive,Ryan Gosling- Carey Mulligan- Bryan Cranston- Albert Brooks
Trainwreck,Amy Schumer- Bill Hader- Brie Larson- Colin Quinn
The Light Between Oceans,Michael Fassbender- Alicia Vikander- Rachel Weisz- Florence Clery
Below Her Mouth,Erika Linder- Natalie Krill- Sebastian Pigott- Mayko Nguyen
Spotlight,Mark Ruffalo- Michael Keaton- Rachel McAdams- Liev Schreiber
Morgan,Kate Mara- Anya Taylor-Joy- Rose Leslie- Michael Yare
Warrior,Tom Hardy- Nick Nolte- Joel Edgerton- Jennifer Morrison
Captain America: The First Avenger,Chris Evans- Hugo Weaving- Samuel L. Jackson-Hayley Atwell
Hacker,Callan McAuliffe- Lorraine Nicholson- Daniel Eric Gold- Clifton Collins Jr.
Into the Wild,Emile Hirsch- Vince Vaughn- Catherine Keener- Marcia Gay Harden
The Imitation Game,Benedict Cumberbatch- Keira Knightley- Matthew Goode- Allen Leech
Central Intelligence,Dwayne Johnson- Kevin Hart- Danielle Nicolet- Amy Ryan
Edge of Tomorrow,Tom Cruise- Emily Blunt- Bill Paxton- Brendan Gleeson
A Cure for Wellness,Dane DeHaan- Jason Isaacs- Mia Goth- Ivo Nandi
Snowden,Joseph Gordon-Levitt- Shailene Woodley- Melissa Leo-Zachary Quinto
Iron Man,Robert Downey Jr.- Gwyneth Paltrow- Terrence Howard- Jeff Bridges
Allegiant,Shailene Woodley- Theo James- Jeff Daniels-Naomi Watts
X: First Class,James McAvoy- Michael Fassbender- Jennifer Lawrence- Kevin Bacon
Raw (II),Garance Marillier- Ella Rumpf- Rabah Nait Oufella-Laurent Lucas
Paterson,Adam Driver- Golshifteh Farahani- Nellie- Rizwan Manji
Bridesmaids,Kristen Wiig- Maya Rudolph- Rose Byrne- Terry Crews
The Girl with All the Gifts,Gemma Arterton- Glenn Close- Dominique Tipper-Paddy Considine
San Andreas,Dwayne Johnson- Carla Gugino- Alexandra Daddario-Colton Haynes
Spring Breakers,Vanessa Hudgens- Selena Gomez- Ashley Benson-Rachel Korine
Transformers,Shia LaBeouf- Megan Fox- Josh Duhamel- Tyrese Gibson
Old Boy,Josh Brolin- Elizabeth Olsen- Samuel L. Jackson- Sharlto Copley
Thor: The Dark World,Chris Hemsworth- Natalie Portman- Tom Hiddleston-Stellan Skarsgård
Gods of Egypt,Brenton Thwaites- Nikolaj Coster-Waldau- Gerard Butler- Chadwick Boseman
Captain America: The Winter Soldier,Chris Evans- Samuel L. Jackson-Scarlett Johansson- Robert Redford
Monster Trucks,Lucas Till- Jane Levy- Thomas Lennon- Barry Pepper
A Dark Song,Mark Huberman- Susan Loughnane- Steve Oram-Catherine Walker
Kick-Ass,Aaron Taylor-Johnson- Nicolas Cage- Chloë Grace Moretz- Garrett M. Brown
Hardcore Henry,Sharlto Copley- Tim Roth- Haley Bennett- Danila Kozlovsky
Cars,Owen Wilson- Bonnie Hunt- Paul Newman- Larry the Cable Guy
It Follows,Maika Monroe- Keir Gilchrist- Olivia Luccardi-Lili Sepe
The Girl with the Dragon Tattoo,Daniel Craig- Rooney Mara- Christopher Plummer-Stellan Skarsgård
We're the Millers,Jason Sudeikis- Jennifer Aniston- Emma Roberts- Ed Helms
American Honey,Sasha Lane- Shia LaBeouf- Riley Keough- McCaul Lombardi
The Lobster,Colin Farrell- Rachel Weisz- Jessica Barden-Olivia Colman
Predators,Adrien Brody- Laurence Fishburne- Topher Grace-Alice Braga
Maleficent,Angelina Jolie- Elle Fanning- Sharlto Copley-Lesley Manville
Rupture,Noomi Rapace- Michael Chiklis- Kerry Bishé-Peter Stormare
Pan's Labyrinth,Ivana Baquero- Ariadna Gil- Sergi López-Maribel Verdú
A Kind of Murder,Patrick Wilson- Jessica Biel- Haley Bennett- Vincent Kartheiser
Apocalypto,Gerardo Taracena- Raoul Max Trujillo- Dalia Hernández-Rudy Youngblood
Mission: Impossible - Rogue Nation,Tom Cruise- Rebecca Ferguson- Jeremy Renner- Simon Pegg
The Huntsman: Winter's War,Chris Hemsworth- Jessica Chastain- Charlize Theron- Emily Blunt
The Perks of Being a Wallflower,Logan Lerman- Emma Watson- Ezra Miller- Paul Rudd
Jackie,Natalie Portman- Peter Sarsgaard- Greta Gerwig-Billy Crudup
The Disappointments Room,Kate Beckinsale- Mel Raido- Duncan Joiner- Lucas Till
The Grand Budapest Hotel,Ralph Fiennes- F. Murray Abraham- Mathieu Amalric-Adrien Brody
The Host,Saoirse Ronan- Max Irons- Jake Abel- Diane Kruger
Fury,Brad Pitt- Shia LaBeouf- Logan Lerman- Michael Peña
Inside Out,Amy Poehler- Bill Hader- Lewis Black- Mindy Kaling
Rock Dog,Luke Wilson- Eddie Izzard- J.K. Simmons- Lewis Black
Terminator Genisys,Arnold Schwarzenegger- Jason Clarke- Emilia Clarke-Jai Courtney
Percy Jackson & the Olympians: The Lightning Thief,Logan Lerman- Kevin McKidd- Steve Coogan-Brandon T. Jackson
Les Misérables,Hugh Jackman- Russell Crowe- Anne Hathaway-Amanda Seyfried
Children of Men,Julianne Moore- Clive Owen- Chiwetel Ejiofor-Michael Caine
20th Century Women,Annette Bening- Elle Fanning- Greta Gerwig- Billy Crudup
Spy,Melissa McCarthy- Rose Byrne- Jude Law- Jason Statham
The Intouchables,François Cluzet- Omar Sy- Anne Le Ny- Audrey Fleurot
Bonjour Anne,Diane Lane- Alec Baldwin- Arnaud Viard- Linda Gegusch
Kynodontas,Christos Stergioglou- Michele Valley- Angeliki Papoulia- Hristos Passalis
Straight Outta Compton,O'Shea Jackson Jr.- Corey Hawkins- Jason Mitchell-Neil Brown Jr.
The Amazing Spider-Man 2,Andrew Garfield- Emma Stone- Jamie Foxx- Paul Giamatti
The Conjuring,Patrick Wilson- Vera Farmiga- Ron Livingston- Lili Taylor
The Hangover,Zach Galifianakis- Bradley Cooper- Justin Bartha- Ed Helms
Battleship,Alexander Skarsgård- Brooklyn Decker- Liam Neeson-Rihanna
Rise of the Planet of the Apes,James Franco- Andy Serkis- Freida Pinto- Karin Konoval
Lights Out,Teresa Palmer- Gabriel Bateman- Maria Bello-Billy Burke
Norman: The Moderate Rise and Tragic Fall of a New York Fixer,Richard Gere- Lior Ashkenazi- Michael Sheen-Charlotte Gainsbourg
Birdman or (The Unexpected Virtue of Ignorance),Michael Keaton- Zach Galifianakis-Edward Norton- Andrea Riseborough
Black Swan,Natalie Portman- Mila Kunis- Vincent Cassel-Winona Ryder
Dear White People,Tyler James Williams- Tessa Thompson- Kyle Gallner-Teyonah Parris
Nymphomaniac: Vol. I,Charlotte Gainsbourg- Stellan Skarsgård- Stacy Martin- Shia LaBeouf
Teenage Mutant Ninja Turtles: Out of the Shadows,Megan Fox- Will Arnett- Tyler Perry- Laura Linney
Knock Knock,Keanu Reeves- Lorenza Izzo- Ana de Armas- Aaron Burns
Dirty Grandpa,Robert De Niro- Zac Efron- Zoey Deutch- Aubrey Plaza
Cloud Atlas,Tom Hanks- Halle Berry- Hugh Grant- Hugo Weaving
X-Men Origins: Wolverine,Hugh Jackman- Liev Schreiber- Ryan Reynolds- Danny Huston
Satanic,Sarah Hyland- Steven Krueger- Justin Chon- Clara Mamet
Skyfall,Daniel Craig- Javier Bardem- Naomie Harris- Judi Dench
The Hobbit: An Unexpected Journey,Martin Freeman- Ian McKellen- Richard Armitage-Andy Serkis
21 Jump Street,Jonah Hill- Channing Tatum- Ice Cube-Brie Larson
Sing Street,Ferdia Walsh-Peelo- Aidan Gillen- Maria Doyle Kennedy- Jack Reynor
Ballerina,Elle Fanning- Dane DeHaan- Carly Rae Jepsen- Maddie Ziegler
Oblivion,Tom Cruise- Morgan Freeman- Andrea Riseborough- Olga Kurylenko
22 Jump Street,Channing Tatum- Jonah Hill- Ice Cube-Nick Offerman
Zodiac,Jake Gyllenhaal- Robert Downey Jr.- Mark Ruffalo-Anthony Edwards
Everybody Wants Some!!,Blake Jenner- Tyler Hoechlin- Ryan Guzman-Zoey Deutch
Iron Man Three,Robert Downey Jr.- Guy Pearce- Gwyneth Paltrow-Don Cheadle
Now You See Me,Jesse Eisenberg- Common- Mark Ruffalo- Woody Harrelson
Sherlock Holmes,Robert Downey Jr.- Jude Law- Rachel McAdams- Mark Strong
Death Proof,Kurt Russell- Zoë Bell- Rosario Dawson- Vanessa Ferlito
The Danish Girl,Eddie Redmayne- Alicia Vikander- Amber Heard- Ben Whishaw
Hercules,Dwayne Johnson- John Hurt- Ian McShane- Joseph Fiennes
Sucker Punch,Emily Browning- Vanessa Hudgens- Abbie Cornish-Jena Malone
Keeping Up with the Joneses,Zach Galifianakis- Isla Fisher- Jon Hamm- Gal Gadot
Jupiter Ascending,Channing Tatum- Mila Kunis-Eddie Redmayne- Sean Bean
Masterminds,Zach Galifianakis- Kristen Wiig- Owen Wilson- Ross Kimball
Iris,Romain Duris- Charlotte Le Bon- Jalil Lespert- Camille Cottin
Busanhaeng,Yoo Gong- Soo-an Kim- Yu-mi Jung- Dong-seok Ma
Pitch Perfect,Anna Kendrick- Brittany Snow- Rebel Wilson- Anna Camp
Neighbors 2: Sorority Rising,Seth Rogen- Rose Byrne- Zac Efron- Chloë Grace Moretz
The Exception,Lily James- Jai Courtney- Christopher Plummer- Loïs van Wijk
Man of Steel,Henry Cavill- Amy Adams- Michael Shannon- Diane Lane
The Choice,Benjamin Walker- Teresa Palmer- Alexandra Daddario-Maggie Grace
Ice Age: Collision Course,Ray Romano- Denis Leary- John Leguizamo- Chris Wedge
The Devil Wears Prada,Anne Hathaway- Meryl Streep- Adrian Grenier- Emily Blunt
The Infiltrator,Bryan Cranston- John Leguizamo- Diane Kruger- Amy Ryan
There Will Be Blood,Daniel Day-Lewis- Paul Dano- Ciarán Hinds-Martin Stringer
The Equalizer,Denzel Washington- Marton Csokas- Chloë Grace Moretz- David Harbour
Lone Survivor,Mark Wahlberg- Taylor Kitsch- Emile Hirsch- Ben Foster
The Cabin in the Woods,Kristen Connolly- Chris Hemsworth- Anna Hutchison-Fran Kranz
The House Bunny,Anna Faris- Colin Hanks- Emma Stone- Kat Dennings
She's Out of My League,Jay Baruchel- Alice Eve- T.J. Miller- Mike Vogel
Inherent Vice,Joaquin Phoenix- Josh Brolin- Owen Wilson-Katherine Waterston
Alice Through the Looking Glass,Mia Wasikowska- Johnny Depp- Helena Bonham Carter- Anne Hathaway
Vincent N Roxxy,Emile Hirsch- Zoë Kravitz- Zoey Deutch-Emory Cohen
The Fast and the Furious: Tokyo Drift,Lucas Black- Zachery Ty Bryan- Shad Moss- Damien Marzette
How to Be Single,Dakota Johnson- Rebel Wilson- Leslie Mann- Alison Brie
The Blind Side,Quinton Aaron- Sandra Bullock- Tim McGraw-Jae Head
La vie d'Adèle,Léa Seydoux- Adèle Exarchopoulos- Salim Kechiouche- Aurélien Recoing
The Babadook,Essie Davis- Noah Wiseman- Daniel Henshall- Hayley McElhinney
The Hobbit: The Battle of the Five Armies,Ian McKellen- Martin Freeman- Richard Armitage-Cate Blanchett
Harry Potter and the Order of the Phoenix,Daniel Radcliffe- Emma Watson- Rupert Grint- Brendan Gleeson
Snowpiercer,Chris Evans- Jamie Bell- Tilda Swinton- Ed Harris
The 5th Wave,Chloë Grace Moretz- Matthew Zuk- Gabriela Lopez-Bailey Anne Borders
The Stakelander,Connor Paolo- Nick Damici- Laura Abramsen- A.C. Peterson
The Visit,Olivia DeJonge- Ed Oxenbould- Deanna Dunagan- Peter McRobbie
Fast Five,Vin Diesel- Paul Walker- Dwayne Johnson- Jordana Brewster
Step Up,Channing Tatum- Jenna Dewan Tatum- Damaine Radcliff- De'Shawn Washington
Lovesong,Riley Keough- Jena Malone- Jessie Ok Gray- Cary Joji Fukunaga
RocknRolla,Gerard Butler- Tom Wilkinson- Idris Elba- Thandie Newton
In Time,Justin Timberlake- Amanda Seyfried- Cillian Murphy-Olivia Wilde
The Social Network,Jesse Eisenberg- Andrew Garfield- Justin Timberlake-Rooney Mara
The Last Witch Hunter,Vin Diesel- Rose Leslie- Elijah Wood- Ólafur Darri Ólafsson
Victor Frankenstein,Daniel Radcliffe- James McAvoy- Jessica Brown Findlay- Andrew Scott
A Street Cat Named Bob,Luke Treadaway- Bob the Cat- Ruta Gedmintas- Joanne Froggatt
Green Room,Anton Yelchin- Imogen Poots- Alia Shawkat-Patrick Stewart
Blackhat,Chris Hemsworth- Viola Davis- Wei Tang- Leehom Wang
Storks,Andy Samberg- Katie Crown-Kelsey Grammer- Jennifer Aniston
American Sniper,Bradley Cooper- Sienna Miller- Kyle Gallner- Cole Konis
Dallas Buyers Club,Matthew McConaughey- Jennifer Garner- Jared Leto- Steve Zahn
Lincoln,Daniel Day-Lewis- Sally Field- David Strathairn-Joseph Gordon-Levitt
Rush,Daniel Brühl- Chris Hemsworth- Olivia Wilde-Alexandra Maria Lara
Before I Wake,Kate Bosworth- Thomas Jane- Jacob Tremblay-Annabeth Gish
Silver Linings Playbook,Bradley Cooper- Jennifer Lawrence- Robert De Niro- Jacki Weaver
Tracktown,Alexi Pappas- Chase Offerle- Rachel Dratch- Andy Buckley
The Fault in Our Stars,Shailene Woodley- Ansel Elgort- Nat Wolff- Laura Dern
Blended,Adam Sandler- Drew Barrymore- Wendi McLendon-Covey- Kevin Nealon
Fast & Furious,Vin Diesel- Paul Walker- Michelle Rodriguez- Jordana Brewster
Looper,Joseph Gordon-Levitt- Bruce Willis- Emily Blunt- Paul Dano
White House Down,Channing Tatum- Jamie Foxx- Maggie Gyllenhaal-Jason Clarke
Pete's Dragon,Bryce Dallas Howard- Robert Redford- Oakes Fegley-Oona Laurence
Spider-Man 3,Tobey Maguire- Kirsten Dunst- Topher Grace- Thomas Haden Church
The Three Musketeers,Logan Lerman- Matthew Macfadyen- Ray Stevenson- Milla Jovovich
Stardust,Charlie Cox- Claire Danes- Sienna Miller- Ian McKellen
American Hustle,Christian Bale- Amy Adams- Bradley Cooper-Jennifer Lawrence
Jennifer's Body,Megan Fox- Amanda Seyfried- Adam Brody- Johnny Simmons
Midnight in Paris,Owen Wilson- Rachel McAdams- Kathy Bates- Kurt Fuller
Lady Macbeth,Florence Pugh- Christopher Fairbank- Cosmo Jarvis- Naomi Ackie
Joy,Jennifer Lawrence- Robert De Niro- Bradley Cooper- Edgar Ramírez
The Dressmaker,Kate Winslet- Judy Davis- Liam Hemsworth-Hugo Weaving
Café Society,Jesse Eisenberg- Kristen Stewart- Steve Carell- Blake Lively
Insurgent,Shailene Woodley- Ansel Elgort- Theo James-Kate Winslet
Seventh Son,Ben Barnes- Julianne Moore- Jeff Bridges- Alicia Vikander
Demain tout commence,Omar Sy- Clémence Poésy- Antoine Bertrand- Ashley Walters
The Theory of Everything,Eddie Redmayne- Felicity Jones- Tom Prior- Sophie Perry
This Is the End,James Franco- Jonah Hill- Seth Rogen-Jay Baruchel
About Time,Domhnall Gleeson- Rachel McAdams- Bill Nighy-Lydia Wilson
Step Brothers,Will Ferrell- John C. Reilly- Mary Steenburgen-Richard Jenkins
Clown,Andy Powers- Laura Allen- Peter Stormare- Christian Distefano
Star Trek Into Darkness,Chris Pine- Zachary Quinto- Zoe Saldana- Benedict Cumberbatch
Zombieland,Jesse Eisenberg- Emma Stone- Woody Harrelson-Abigail Breslin
Hail- Caesar!,Josh Brolin- George Clooney- Alden Ehrenreich- Ralph Fiennes
Slumdog Millionaire,Dev Patel- Freida Pinto- Saurabh Shukla- Anil Kapoor
The Twilight Saga: Breaking Dawn - Part 2,Kristen Stewart- Robert Pattinson- Taylor Lautner- Peter Facinelli
American Wrestler: The Wizard,William Fichtner- Jon Voight- Lia Marie Johnson-Gabriel Basso
The Amazing Spider-Man,Andrew Garfield- Emma Stone- Rhys Ifans- Irrfan Khan
Ben-Hur,Jack Huston- Toby Kebbell- Rodrigo Santoro-Nazanin Boniadi
Sleight,Jacob Latimore- Seychelle Gabriel- Dulé Hill- Storm Reid
The Maze Runner,Dylan O'Brien- Kaya Scodelario- Will Poulter- Thomas Brodie-Sangster
Criminal,Kevin Costner- Ryan Reynolds- Gal Gadot- Gary Oldman
Wanted,Angelina Jolie- James McAvoy- Morgan Freeman- Terence Stamp
Florence Foster Jenkins,Meryl Streep- Hugh Grant- Simon Helberg- Rebecca Ferguson
Collide,Nicholas Hoult- Felicity Jones- Anthony Hopkins- Ben Kingsley
Black Mass,Johnny Depp- Benedict Cumberbatch- Dakota Johnson- Joel Edgerton
Creed,Michael B. Jordan- Sylvester Stallone- Tessa Thompson- Phylicia Rashad
Swiss Army Man,Paul Dano- Daniel Radcliffe- Mary Elizabeth Winstead- Antonia Ribero
The Expendables 3,Sylvester Stallone- Jason Statham- Jet Li- Antonio Banderas
What We Do in the Shadows,Jemaine Clement- Taika Waititi-Cori Gonzalez-Macuer- Jonny Brugh
Southpaw,Jake Gyllenhaal- Rachel McAdams- Oona Laurence-Forest Whitaker
Hush,John Gallagher Jr.- Kate Siegel- Michael Trucco-Samantha Sloyan
Bridge of Spies,Tom Hanks- Mark Rylance- Alan Alda- Amy Ryan
The Lego Movie,Chris Pratt- Will Ferrell- Elizabeth Banks- Will Arnett
Everest,Jason Clarke- Ang Phula Sherpa- Thomas M. Wright- Martin Henderson
Pixels,Adam Sandler- Kevin James- Michelle Monaghan-Peter Dinklage
Robin Hood,Russell Crowe- Cate Blanchett- Matthew Macfadyen-Max von Sydow
The Wolverine,Hugh Jackman- Will Yun Lee- Tao Okamoto- Rila Fukushima
John Carter,Taylor Kitsch- Lynn Collins- Willem Dafoe-Samantha Morton
Keanu,Keegan-Michael Key- Jordan Peele- Tiffany Haddish-Method Man
The Gunman,Sean Penn- Idris Elba- Jasmine Trinca- Javier Bardem
Steve Jobs,Michael Fassbender- Kate Winslet- Seth Rogen- Jeff Daniels
Whisky Galore,Tim Pigott-Smith- Naomi Battrick- Ellie Kendrick-James Cosmo
Grown Ups 2,Adam Sandler- Kevin James- Chris Rock- David Spade
The Age of Adaline,Blake Lively- Michiel Huisman- Harrison Ford-Kathy Baker
The Incredible Hulk,Edward Norton- Liv Tyler- Tim Roth- William Hurt
Couples Retreat,Vince Vaughn- Malin Akerman- Jon Favreau- Jason Bateman
Absolutely Anything,Simon Pegg- Kate Beckinsale- Sanjeev Bhaskar- Rob Riggle
Magic Mike,Channing Tatum- Alex Pettyfer- Olivia Munn-Matthew McConaughey
Minions,Sandra Bullock- Jon Hamm- Michael Keaton- Pierre Coffin
The Black Room,Natasha Henstridge- Lukas Hassel- Lin Shaye-Dominique Swain
Bronson,Tom Hardy- Kelly Adams- Luing Andrews-Katy Barker
Despicable Me,Steve Carell- Jason Segel- Russell Brand- Julie Andrews
The Best of Me,James Marsden- Michelle Monaghan- Luke Bracey-Liana Liberato
The Invitation,Logan Marshall-Green- Emayatzy Corinealdi- Michiel Huisman- Tammy Blanchard
Zero Dark Thirty,Jessica Chastain- Joel Edgerton- Chris Pratt- Mark Strong
Tangled,Mandy Moore- Zachary Levi- Donna Murphy- Ron Perlman
The Hunger Games: Mockingjay - Part 2,Jennifer Lawrence- Josh Hutcherson- Liam Hemsworth- Woody Harrelson
Vacation,Ed Helms- Christina Applegate- Skyler Gisondo- Steele Stebbins
Taken,Liam Neeson- Maggie Grace- Famke Janssen- Leland Orser
Pitch Perfect 2,Anna Kendrick- Rebel Wilson- Hailee Steinfeld-Brittany Snow
Monsters University,Billy Crystal- John Goodman- Steve Buscemi- Helen Mirren
Elle,Isabelle Huppert- Laurent Lafitte- Anne Consigny-Charles Berling
Mechanic: Resurrection,Jason Statham- Jessica Alba- Tommy Lee Jones-Michelle Yeoh
Tusk,Justin Long- Michael Parks- Haley Joel Osment-Genesis Rodriguez
The Headhunter's Calling,Alison Brie- Gerard Butler- Willem Dafoe- Gretchen Mol
Atonement,Keira Knightley- James McAvoy- Brenda Blethyn-Saoirse Ronan
Harry Potter and the Deathly Hallows: Part 1,Daniel Radcliffe- Emma Watson- Rupert Grint- Bill Nighy
Shame,Michael Fassbender- Carey Mulligan- James Badge Dale- Lucy Walters
Hanna,Saoirse Ronan- Cate Blanchett- Eric Bana- Vicky Krieps
The Babysitters,Lauren Birkell- Paul Borghese- Chira Cassel- Anthony Cirillo
Pride and Prejudice and Zombies,Lily James- Sam Riley- Jack Huston- Bella Heathcote
300: Rise of an Empire,Sullivan Stapleton- Eva Green- Lena Headey- Hans Matheson
London Has Fallen,Gerard Butler- Aaron Eckhart- Morgan Freeman-Angela Bassett
The Curious Case of Benjamin Button,Brad Pitt- Cate Blanchett- Tilda Swinton- Julia Ormond
Sin City: A Dame to Kill For,Mickey Rourke- Jessica Alba- Josh Brolin- Joseph Gordon-Levitt
The Bourne Ultimatum,Matt Damon- Edgar Ramírez- Joan Allen- Julia Stiles
Srpski film,Srdjan 'Zika' Todorovic- Sergej Trifunovic-Jelena Gavrilovic- Slobodan Bestic
The Purge: Election Year,Frank Grillo- Elizabeth Mitchell- Mykelti Williamson- Joseph Julian Soria
3 Idiots,Aamir Khan- Madhavan- Mona Singh- Sharman Joshi
Zoolander 2,Ben Stiller- Owen Wilson- Penélope Cruz- Will Ferrell
World War Z,Brad Pitt- Mireille Enos- Daniella Kertesz- James Badge Dale
Mission: Impossible - Ghost Protocol,Tom Cruise- Jeremy Renner- Simon Pegg- Paula Patton
Let Me Make You a Martyr,Marilyn Manson- Mark Boone Junior- Sam Quartin- Niko Nicotera
Filth,James McAvoy- Jamie Bell- Eddie Marsan- Imogen Poots
The Longest Ride,Scott Eastwood- Britt Robertson- Alan Alda- Jack Huston
The imposible,Naomi Watts- Ewan McGregor- Tom Holland- Oaklee Pendergast
Kick-Ass 2,Aaron Taylor-Johnson- Chloë Grace Moretz-Christopher Mintz-Plasse- Jim Carrey
Folk Hero & Funny Guy,Alex Karpovsky- Wyatt Russell- Meredith Hagner-Melanie Lynskey
Oz the Great and Powerful,James Franco- Michelle Williams- Rachel Weisz- Mila Kunis
Brooklyn,Saoirse Ronan- Emory Cohen- Domhnall Gleeson-Jim Broadbent
Coraline,Dakota Fanning- Teri Hatcher- John Hodgman- Jennifer Saunders
Blue Valentine,Ryan Gosling- Michelle Williams- John Doman-Faith Wladyka
The Thinning,Logan Paul- Peyton List- Lia Marie Johnson-Calum Worthy
Silent Hill,Radha Mitchell- Laurie Holden- Sean Bean-Deborah Kara Unger
Dredd,Karl Urban- Olivia Thirlby- Lena Headey- Rachel Wood
Hunt for the Wilderpeople,Sam Neill- Julian Dennison- Rima Te Wiata- Rachel House
Big Hero 6,Ryan Potter- Scott Adsit- Jamie Chung-T.J. Miller
Carrie,Chloë Grace Moretz- Julianne Moore- Gabriella Wilde- Portia Doubleday
Iron Man 2,Robert Downey Jr.- Mickey Rourke- Gwyneth Paltrow-Don Cheadle
Demolition,Jake Gyllenhaal- Naomi Watts- Chris Cooper-Judah Lewis
Pandorum,Dennis Quaid- Ben Foster- Cam Gigandet- Antje Traue
Olympus Has Fallen,Gerard Butler- Aaron Eckhart- Morgan Freeman-Angela Bassett
I Am Number Four,Alex Pettyfer- Timothy Olyphant- Dianna Agron- Teresa Palmer
Jagten,Mads Mikkelsen- Thomas Bo Larsen- Annika Wedderkopp- Lasse Fogelstrøm
The Proposal,Sandra Bullock- Ryan Reynolds- Mary Steenburgen-Craig T. Nelson
Get Hard,Will Ferrell- Kevin Hart- Alison Brie- T.I.
Just Go with It,Adam Sandler- Jennifer Aniston- Brooklyn Decker-Nicole Kidman
Revolutionary Road,Leonardo DiCaprio- Kate Winslet- Christopher Fitzgerald- Jonathan Roumie
The Town,Ben Affleck- Rebecca Hall- Jon Hamm- Jeremy Renner
The Boy,Lauren Cohan- Rupert Evans- James Russell- Jim Norton
Denial,Rachel Weisz- Tom Wilkinson- Timothy Spall- Andrew Scott
Predestination,Ethan Hawke- Sarah Snook- Noah Taylor- Madeleine West
Goosebumps,Jack Black- Dylan Minnette- Odeya Rush- Ryan Lee
Sherlock Holmes: A Game of Shadows,Robert Downey Jr.- Jude Law- Jared Harris- Rachel McAdams
Salt,Angelina Jolie- Liev Schreiber- Chiwetel Ejiofor- Daniel Olbrychski
Enemy,Jake Gyllenhaal- Mélanie Laurent- Sarah Gadon-Isabella Rossellini
District 9,Sharlto Copley- David James- Jason Cope- Nathalie Boltt
The Other Guys,Will Ferrell- Mark Wahlberg- Derek Jeter- Eva Mendes
American Gangster,Denzel Washington- Russell Crowe- Chiwetel Ejiofor-Josh Brolin
Marie Antoinette,Kirsten Dunst- Jason Schwartzman- Rip Torn- Judy Davis
2012,John Cusack- Thandie Newton- Chiwetel Ejiofor-Amanda Peet
Harry Potter and the Half-Blood Prince,Daniel Radcliffe- Emma Watson- Rupert Grint- Michael Gambon
Argo,Ben Affleck- Bryan Cranston- John Goodman- Alan Arkin
Eddie the Eagle,Taron Egerton- Hugh Jackman- Tom Costello- Jo Hartley
The Lives of Others,Ulrich Mühe- Martina Gedeck-Sebastian Koch- Ulrich Tukur
Pet,Dominic Monaghan- Ksenia Solo- Jennette McCurdy-Da'Vone McDonald
Paint It Black,Alia Shawkat- Nancy Kwan- Annabelle Attanasio-Alfred Molina
Macbeth,Michael Fassbender- Marion Cotillard- Jack Madigan-Frank Madigan
Forgetting Sarah Marshall,Kristen Bell- Jason Segel- Paul Rudd- Mila Kunis
The Giver,Brenton Thwaites- Jeff Bridges- Meryl Streep- Taylor Swift
Triple 9,Casey Affleck- Chiwetel Ejiofor- Anthony Mackie-Aaron Paul
Perfetti sconosciuti,Giuseppe Battiston- Anna Foglietta- Marco Giallini-Edoardo Leo
Angry Birds,Jason Sudeikis- Josh Gad- Danny McBride- Maya Rudolph
Moonrise Kingdom,Jared Gilman- Kara Hayward- Bruce Willis- Bill Murray
Hairspray,John Travolta- Queen Latifah- Nikki Blonsky-Michelle Pfeiffer
Safe Haven,Julianne Hough- Josh Duhamel- Cobie Smulders-David Lyons
Focus,Will Smith- Margot Robbie- Rodrigo Santoro- Adrian Martinez
Ratatouille,Brad Garrett- Lou Romano- Patton Oswalt-Ian Holm
Stake Land,Connor Paolo- Nick Damici- Kelly McGillis- Gregory Jones
The Book of Eli,Denzel Washington- Mila Kunis- Ray Stevenson- Gary Oldman
Cloverfield,Mike Vogel- Jessica Lucas- Lizzy Caplan- T.J. Miller
Point Break,Edgar Ramírez- Luke Bracey- Ray Winstone- Teresa Palmer
Under the Skin,Scarlett Johansson- Jeremy McWilliams- Lynsey Taylor Mackay- Dougie McConnell
I Am Legend,Will Smith- Alice Braga- Charlie Tahan- Salli Richardson-Whitfield
Men in Black 3,Will Smith- Tommy Lee Jones- Josh Brolin-Jemaine Clement
Super 8,Elle Fanning- AJ Michalka- Kyle Chandler- Joel Courtney
Law Abiding Citizen,Gerard Butler- Jamie Foxx- Leslie Bibb- Colm Meaney
Up,Edward Asner- Jordan Nagai- John Ratzenberger- Christopher Plummer
Maze Runner: The Scorch Trials,Dylan O'Brien- Kaya Scodelario- Thomas Brodie-Sangster-Giancarlo Esposito
Carol,Cate Blanchett- Rooney Mara- Sarah Paulson- Kyle Chandler
Imperium,Daniel Radcliffe- Toni Collette- Tracy Letts- Sam Trammell
Youth,Michael Caine- Harvey Keitel- Rachel Weisz- Jane Fonda
Mr. Nobody,Jared Leto- Sarah Polley- Diane Kruger- Linh Dan Pham
City of Tiny Lights,Riz Ahmed- Billie Piper- James Floyd- Cush Jumbo
Savages,Aaron Taylor-Johnson- Taylor Kitsch- Blake Lively-Benicio Del Toro
(500) Days of Summer,Zooey Deschanel- Joseph Gordon-Levitt- Geoffrey Arend- Chloë Grace Moretz
Movie 43,Emma Stone- Stephen Merchant- Richard Gere- Liev Schreiber
Gravity,Sandra Bullock- George Clooney- Ed Harris- Orto Ignatiussen
The Boy in the Striped Pyjamas,Asa Butterfield- David Thewlis- Rupert Friend- Zac Mattoon O'Brien
Shooter,Mark Wahlberg- Michael Peña- Rhona Mitra- Danny Glover
The Happening,Mark Wahlberg- Zooey Deschanel- John Leguizamo- Ashlyn Sanchez
Bone Tomahawk,Kurt Russell- Patrick Wilson- Matthew Fox- Richard Jenkins
Magic Mike XXL,Channing Tatum- Joe Manganiello- Matt Bomer-Adam Rodriguez
Easy A,Emma Stone- Amanda Bynes- Penn Badgley- Dan Byrd
Exodus: Gods and Kings,Christian Bale- Joel Edgerton- Ben Kingsley- Sigourney Weaver
Chappie,Sharlto Copley- Dev Patel- Hugh Jackman-Sigourney Weaver
The Hobbit: The Desolation of Smaug,Ian McKellen- Martin Freeman- Richard Armitage-Ken Stott
Half of a Yellow Sun,Chiwetel Ejiofor- Thandie Newton- Anika Noni Rose-Joseph Mawle
Anthropoid,Jamie Dornan- Cillian Murphy- Brian Caspe- Karel Hermánek Jr.
The Counselor,Michael Fassbender- Penélope Cruz- Cameron Diaz-Javier Bardem
Viking,Anton Adasinsky- Aleksandr Armer- Vilen Babichev- Rostislav Bershauer
Whiskey Tango Foxtrot,Tina Fey- Margot Robbie- Martin Freeman- Alfred Molina
Trust,Clive Owen- Catherine Keener- Liana Liberato-Jason Clarke
Birth of the Dragon,Billy Magnussen- Terry Chen- Teresa Navarro-Vanessa Ross
Elysium,Matt Damon- Jodie Foster- Sharlto Copley- Alice Braga
The Green Inferno,Lorenza Izzo- Ariel Levy- Aaron Burns- Kirby Bliss Blanton
Godzilla,Aaron Taylor-Johnson- Elizabeth Olsen- Bryan Cranston- Ken Watanabe
The Bourne Legacy,Jeremy Renner- Rachel Weisz- Edward Norton- Scott Glenn
A Good Year,Russell Crowe- Abbie Cornish- Albert Finney- Marion Cotillard
Friend Request,Alycia Debnam-Carey- William Moseley- Connor Paolo- Brit Morgan
Deja Vu,Denzel Washington- Paula Patton- Jim Caviezel- Val Kilmer
Lucy,Scarlett Johansson- Morgan Freeman- Min-sik Choi-Amr Waked
A Quiet Passion,Cynthia Nixon- Jennifer Ehle- Duncan Duff- Keith Carradine
Need for Speed,Aaron Paul- Dominic Cooper- Imogen Poots- Scott Mescudi
Jack Reacher,Tom Cruise- Rosamund Pike- Richard Jenkins- Werner Herzog
The Do-Over,Adam Sandler- David Spade- Paula Patton- Kathryn Hahn
True Crimes,Jim Carrey- Charlotte Gainsbourg- Marton Csokas- Kati Outinen
American Pastoral,Ewan McGregor- Jennifer Connelly- Dakota Fanning- Peter Riegert
The Ghost Writer,Ewan McGregor- Pierce Brosnan- Olivia Williams-Jon Bernthal
Limitless,Bradley Cooper- Anna Friel- Abbie Cornish- Robert De Niro
Spectral,James Badge Dale- Emily Mortimer- Bruce Greenwood-Max Martini
P.S. I Love You,Hilary Swank- Gerard Butler- Harry Connick Jr.- Lisa Kudrow
Zipper,Patrick Wilson- Lena Headey- Ray Winstone-Richard Dreyfuss
Midnight Special,Michael Shannon- Joel Edgerton- Kirsten Dunst- Adam Driver
Don't Think Twice,Keegan-Michael Key- Gillian Jacobs- Mike Birbiglia-Chris Gethard
Alice in Wonderland,Mia Wasikowska- Johnny Depp- Helena Bonham Carter-Anne Hathaway
Chuck,Elisabeth Moss- Naomi Watts- Ron Perlman- Liev Schreiber
I- Daniel Blake,Dave Johns- Hayley Squires- Sharon Percy- Briana Shann
The Break-Up,Jennifer Aniston- Vince Vaughn- Jon Favreau- Joey Lauren Adams
Loving,Ruth Negga- Joel Edgerton- Will Dalton- Dean Mumford
Fantastic Four,Miles Teller- Kate Mara- Michael B. Jordan- Jamie Bell
The Survivalist,Mia Goth- Martin McCann- Barry Ward- Andrew Simpson
Colonia,Emma Watson- Daniel Brühl- Michael Nyqvist-Richenda Carey
The Boy Next Door,Jennifer Lopez- Ryan Guzman- Kristin Chenoweth- John Corbett
The Gift,Jason Bateman- Rebecca Hall- Joel Edgerton- Allison Tolman
Dracula Untold,Luke Evans- Dominic Cooper- Sarah Gadon- Art Parkinson
In the Heart of the Sea,Chris Hemsworth- Cillian Murphy- Brendan Gleeson-Ben Whishaw
Idiocracy,Luke Wilson- Maya Rudolph- Dax Shepard- Terry Crews
The Expendables,Sylvester Stallone- Jason Statham- Jet Li- Dolph Lundgren
Evil Dead,Jane Levy- Shiloh Fernandez- Jessica Lucas- Lou Taylor Pucci
Sinister,Ethan Hawke- Juliet Rylance- James Ransone-Fred Dalton Thompson
Wreck-It Ralph,John C. Reilly- Jack McBrayer- Jane Lynch- Sarah Silverman
Snow White and the Huntsman,Kristen Stewart- Chris Hemsworth- Charlize Theron- Sam Claflin
Pan,Levi Miller- Hugh Jackman- Garrett Hedlund- Rooney Mara
Transformers: Dark of the Moon,Shia LaBeouf- Rosie Huntington-Whiteley- Tyrese Gibson- Josh Duhamel
Juno,Ellen Page- Michael Cera- Jennifer Garner- Jason Bateman
A Hologram for the King,Tom Hanks- Sarita Choudhury- Ben Whishaw-Alexander Black
Money Monster,George Clooney- Julia Roberts- Jack O'Connell-Dominic West
The Other Woman,Cameron Diaz- Leslie Mann- Kate Upton- Nikolaj Coster-Waldau
Enchanted,Amy Adams- Susan Sarandon- James Marsden- Patrick Dempsey
The Intern,Robert De Niro- Anne Hathaway- Rene Russo-Anders Holm
Little Miss Sunshine,Steve Carell- Toni Collette- Greg Kinnear- Abigail Breslin
Bleed for This,Miles Teller- Aaron Eckhart- Katey Sagal- Ciarán Hinds
Clash of the Titans,Sam Worthington- Liam Neeson- Ralph Fiennes-Jason Flemyng
The Finest Hours,Chris Pine- Casey Affleck- Ben Foster- Eric Bana
Tron,Jeff Bridges- Garrett Hedlund- Olivia Wilde- Bruce Boxleitner
The Hunger Games: Catching Fire,Jennifer Lawrence- Josh Hutcherson- Liam Hemsworth- Philip Seymour Hoffman
All Good Things,Ryan Gosling- Kirsten Dunst- Frank Langella- Lily Rabe
Kickboxer: Vengeance,Dave Bautista- Alain Moussi- Gina Carano- Jean-Claude Van Damme
The Last Airbender,Noah Ringer- Nicola Peltz- Jackson Rathbone-Dev Patel
Sex Tape,Jason Segel- Cameron Diaz- Rob Corddry- Ellie Kemper
What to Expect When You're Expecting,Cameron Diaz- Matthew Morrison- J. Todd Smith- Dennis Quaid
Moneyball,Brad Pitt- Robin Wright- Jonah Hill- Philip Seymour Hoffman
Ghost Rider,Nicolas Cage- Eva Mendes- Sam Elliott- Matt Long
Unbroken,Jack O'Connell- Miyavi- Domhnall Gleeson- Garrett Hedlund
Immortals,Henry Cavill- Mickey Rourke- John Hurt- Stephen Dorff
Sunshine,Cillian Murphy- Rose Byrne- Chris Evans- Michelle Yeoh
Brave,Kelly Macdonald-Billy Connolly- Emma Thompson- Julie Walters
Män som hatar kvinnor,Michael Nyqvist- Noomi Rapace- Ewa Fröling-Lena Endre
Adoration,Naomi Watts- Robin Wright- Xavier Samuel- James Frecheville
The Drop,Tom Hardy- Noomi Rapace- James Gandolfini-Matthias Schoenaerts
She's the Man,Amanda Bynes- Laura Ramsey- Channing Tatum-Vinnie Jones
Daddy's Home,Will Ferrell- Mark Wahlberg- Linda Cardellini- Thomas Haden Church
Let Me In,Kodi Smit-McPhee- Chloë Grace Moretz- Richard Jenkins- Cara Buono
Never Back Down,Sean Faris- Djimon Hounsou- Amber Heard- Cam Gigandet
Grimsby,Sacha Baron Cohen- Mark Strong- Rebel Wilson-Freddie Crowder
Moon,Sam Rockwell- Kevin Spacey- Dominique McElligott-Rosie Shaw
Megamind,Will Ferrell- Jonah Hill- Brad Pitt- Tina Fey
Gangster Squad,Sean Penn- Ryan Gosling- Emma Stone- Giovanni Ribisi
Blood Father,Mel Gibson- Erin Moriarty- Diego Luna- Michael Parks
He's Just Not That Into You,Jennifer Aniston- Jennifer Connelly- Morgan Lily-Trenton Rogers
Kung Fu Panda 3,Jack Black- Bryan Cranston- Dustin Hoffman- Angelina Jolie
The Rise of the Krays,Matt Vael- Simon Cotton- Kevin Leslie- Olivia Moyles
Handsome Devil,Fionn O'Shea- Nicholas Galitzine- Andrew Scott- Moe Dunford
Winter's Bone,Jennifer Lawrence- John Hawkes- Garret Dillahunt-Isaiah Stone
Horrible Bosses,Jason Bateman- Charlie Day- Jason Sudeikis- Steve Wiebe
Mommy,Anne Dorval- Antoine-Olivier Pilon- Suzanne Clément-Patrick Huard
Hellboy II: The Golden Army,Ron Perlman- Selma Blair- Doug Jones- John Alexander
Beautiful Creatures,Alice Englert- Viola Davis- Emma Thompson-Alden Ehrenreich
Toni Erdmann,Sandra Hüller- Peter Simonischek- Michael Wittenborn-Thomas Loibl
The Lovely Bones,Rachel Weisz- Mark Wahlberg- Saoirse Ronan- Susan Sarandon
The Assassination of Jesse James by the Coward Robert Ford,Brad Pitt- Casey Affleck- Sam Shepard- Mary-Louise Parker
Don Jon,Joseph Gordon-Levitt- Scarlett Johansson-Julianne Moore- Tony Danza
Bastille Day,Idris Elba- Richard Madden- Charlotte Le Bon- Kelly Reilly
2307: Winter's Dream,Paul Sidhu- Branden Coles- Arielle Holmes- Kelcey Watson
Free State of Jones,Matthew McConaughey- Gugu Mbatha-Raw- Mahershala Ali- Keri Russell
Mr. Right,Anna Kendrick- Sam Rockwell- Tim Roth- James Ransone
The Secret Life of Walter Mitty,Ben Stiller- Kristen Wiig- Jon Daly- Kathryn Hahn
Dope,Shameik Moore- Tony Revolori- Kiersey Clemons-Kimberly Elise
Underworld Awakening,Kate Beckinsale- Michael Ealy- India Eisley- Stephen Rea
Antichrist,Willem Dafoe- Charlotte Gainsbourg- Storm Acheche Sahlstrøm
Friday the 13th,Jared Padalecki- Amanda Righetti- Derek Mears-Danielle Panabaker
Taken 3,Liam Neeson- Forest Whitaker- Maggie Grace-Famke Janssen
Total Recall,Colin Farrell- Bokeem Woodbine- Bryan Cranston-Kate Beckinsale
X-Men: The Last Stand,Patrick Stewart- Hugh Jackman- Halle Berry- Famke Janssen
The Escort,Lyndsy Fonseca- Michael Doneger- Tommy Dewey-Bruce Campbell
The Whole Truth,Keanu Reeves- Renée Zellweger- Gugu Mbatha-Raw- Gabriel Basso
Night at the Museum: Secret of the Tomb,Ben Stiller- Robin Williams- Owen Wilson- Dick Van Dyke
Love & Other Drugs,Jake Gyllenhaal- Anne Hathaway- Judy Greer- Oliver Platt
The Interview,James Franco- Seth Rogen- Randall Park- Lizzy Caplan
The Host,Kang-ho Song- Hee-Bong Byun- Hae-il Park- Doona Bae
Megan Is Missing,Amber Perkins- Rachel Quinn- Dean Waite- Jael Elizabeth Steinmeyer
WALL·E,Ben Burtt- Elissa Knight- Jeff Garlin- Fred Willard
Knocked Up,Seth Rogen- Katherine Heigl- Paul Rudd- Leslie Mann
Source Code,Jake Gyllenhaal- Michelle Monaghan- Vera Farmiga-Jeffrey Wright
Lawless,Tom Hardy- Shia LaBeouf- Guy Pearce- Jason Clarke
Unfriended,Heather Sossaman- Matthew Bohrer- Courtney Halverson- Shelley Hennig
American Reunion,Jason Biggs- Alyson Hannigan-Seann William Scott- Chris Klein
The Pursuit of Happyness,Will Smith- Thandie Newton- Jaden Smith- Brian Howe
Relatos salvajes,Darío Grandinetti- María Marull- Mónica Villa- Rita Cortese
The Ridiculous 6,Adam Sandler- Terry Crews- Jorge Garcia- Taylor Lautner
Frantz,Pierre Niney- Paula Beer- Ernst Stötzner- Marie Gruber
Viral,Sofia Black-D'Elia- Analeigh Tipton-Travis Tope- Michael Kelly
Gran Torino,Clint Eastwood- Bee Vang- Christopher Carley-Ahney Her
Burnt,Bradley Cooper- Sienna Miller- Daniel Brühl- Riccardo Scamarcio
Tall Men,Dan Crisafulli- Kay Whitney- Richard Garcia- Pat Cashman
Sleeping Beauty,Emily Browning- Rachael Blake- Ewen Leslie- Bridgette Barrett
Vampire Academy,Zoey Deutch- Lucy Fry- Danila Kozlovsky- Gabriel Byrne
Sweeney Todd: The Demon Barber of Fleet Street,Johnny Depp- Helena Bonham Carter- Alan Rickman-Timothy Spall
Solace,Anthony Hopkins- Jeffrey Dean Morgan- Abbie Cornish- Colin Farrell
Insidious,Patrick Wilson- Rose Byrne- Ty Simpkins- Lin Shaye
Popstar: Never Stop Never Stopping,Andy Samberg- Jorma Taccone-Akiva Schaffer- Sarah Silverman
The Levelling,Ellie Kendrick- David Troughton- Jack Holden-Joe Blakemore
Public Enemies,Christian Bale- Johnny Depp- Christian Stolte- Jason Clarke
Boyhood,Ellar Coltrane- Patricia Arquette- Ethan Hawke-Elijah Smith
Teenage Mutant Ninja Turtles,Megan Fox- Will Arnett- William Fichtner- Noel Fisher
Eastern Promises,Naomi Watts- Viggo Mortensen- Armin Mueller-Stahl- Josef Altin
The Daughter,Geoffrey Rush- Nicholas Hope- Sam Neill- Ewen Leslie
Pineapple Express,Seth Rogen- James Franco- Gary Cole- Danny McBride
The First Time,Dylan O'Brien- Britt Robertson- Victoria Justice- James Frecheville
Gone Baby Gone,Morgan Freeman- Ed Harris- Casey Affleck- Michelle Monaghan
The Heat,Sandra Bullock- Michael McDonald- Melissa McCarthy-Demián Bichir
L'avenir,Isabelle Huppert- André Marcon- Roman Kolinka-Edith Scob
Anna Karenina,Keira Knightley- Jude Law- Aaron Taylor-Johnson-Matthew Macfadyen
Regression,Ethan Hawke- David Thewlis- Emma Watson-Dale Dickey
Ted 2,Mark Wahlberg- Seth MacFarlane- Amanda Seyfried- Jessica Barth
Pain & Gain,Mark Wahlberg- Dwayne Johnson- Anthony Mackie-Tony Shalhoub
Blood Diamond,Leonardo DiCaprio- Djimon Hounsou- Jennifer Connelly- Kagiso Kuypers
Devil's Knot,Colin Firth- Reese Witherspoon- Alessandro Nivola-James Hamrick
Child 44,Tom Hardy- Gary Oldman- Noomi Rapace- Joel Kinnaman
The Hurt Locker,Jeremy Renner- Anthony Mackie- Brian Geraghty-Guy Pearce
Green Lantern,Ryan Reynolds- Blake Lively- Peter Sarsgaard-Mark Strong
War on Everyone,Alexander Skarsgård- Michael Peña- Theo James- Tessa Thompson
The Mist,Thomas Jane- Marcia Gay Harden- Laurie Holden-Andre Braugher
Escape Plan,Sylvester Stallone- Arnold Schwarzenegger- 50 Cent- Vincent D'Onofrio
Love- Rosie,Lily Collins- Sam Claflin- Christian Cooke- Jaime Winstone
The DUFF,Mae Whitman- Bella Thorne- Robbie Amell- Allison Janney
The Age of Shadows,Byung-hun Lee- Yoo Gong- Kang-ho Song- Ji-min Han
The Hunger Games: Mockingjay - Part 1,Jennifer Lawrence- Josh Hutcherson- Liam Hemsworth- Woody Harrelson
We Need to Talk About Kevin,Tilda Swinton- John C. Reilly- Ezra Miller- Jasper Newell
Love & Friendship,Kate Beckinsale- Chloë Sevigny- Xavier Samuel-Emma Greenwell
The Mortal Instruments: City of Bones,Lily Collins- Jamie Campbell Bower- Robert Sheehan-Jemima West
Seven Pounds,Will Smith- Rosario Dawson- Woody Harrelson-Michael Ealy
The King's Speech,Colin Firth- Geoffrey Rush- Helena Bonham Carter-Derek Jacobi
Hunger,Stuart Graham- Laine Megaw- Brian Milligan- Liam McMahon
Jumper,Hayden Christensen- Samuel L. Jackson- Jamie Bell-Rachel Bilson
Toy Story 3,Tom Hanks- Tim Allen- Joan Cusack- Ned Beatty
Tinker Tailor Soldier Spy,Gary Oldman- Colin Firth- Tom Hardy- Mark Strong
Resident Evil: Retribution,Milla Jovovich- Sienna Guillory- Michelle Rodriguez- Aryana Engineer
Dear Zindagi,Alia Bhatt- Shah Rukh Khan- Kunal Kapoor- Priyanka Moodley
Genius,Colin Firth- Jude Law- Nicole Kidman- Laura Linney
Pompeii,Kit Harington- Emily Browning- Kiefer Sutherland- Adewale Akinnuoye-Agbaje
Life of Pi,Suraj Sharma- Irrfan Khan- Adil Hussain- Tabu
Hachi: A Dog's Tale,Richard Gere- Joan Allen- Cary-Hiroyuki Tagawa-Sarah Roemer
10 Years,Channing Tatum- Rosario Dawson- Chris Pratt- Jenna Dewan Tatum
I Origins,Michael Pitt- Steven Yeun- Astrid Bergès-Frisbey- Brit Marling
Live Free or Die Hard,Bruce Willis- Justin Long- Timothy Olyphant- Maggie Q
The Matchbreaker,Wesley Elder- Christina Grimmie- Osric Chau- Olan Rogers
Funny Games,Naomi Watts- Tim Roth- Michael Pitt- Brady Corbet
Ted,Mark Wahlberg- Mila Kunis- Seth MacFarlane- Joel McHale
RED,Bruce Willis- Helen Mirren- Morgan Freeman-Mary-Louise Parker
Australia,Nicole Kidman- Hugh Jackman- Shea Adams- Eddie Baroo
Faster,Dwayne Johnson- Billy Bob Thornton- Maggie Grace- Mauricio Lopez
The Neighbor,Josh Stewart- Bill Engvall- Alex Essoe- Ronnie Gene Blevins
The Adjustment Bureau,Matt Damon- Emily Blunt- Lisa Thoreson- Florence Kastriner
The Hollars,Sharlto Copley- Charlie Day- Richard Jenkins- Anna Kendrick
The Judge,Robert Downey Jr.- Robert Duvall- Vera Farmiga- Billy Bob Thornton
Closed Circuit,Eric Bana- Rebecca Hall- Jim Broadbent- Ciarán Hinds
Transformers: Revenge of the Fallen,Shia LaBeouf- Megan Fox- Josh Duhamel- Tyrese Gibson
La tortue rouge,Emmanuel Garijo- Tom Hudson- Baptiste Goy- Axel Devillers
The Book of Life,Diego Luna- Zoe Saldana- Channing Tatum- Ron Perlman
Incendies,Lubna Azabal- Mélissa Désormeaux-Poulin- Maxim Gaudette- Mustafa Kamel
The Heartbreak Kid,Ben Stiller- Michelle Monaghan-Malin Akerman- Jerry Stiller
Happy Feet,Elijah Wood- Brittany Murphy- Hugh Jackman- Robin Williams
Entourage,Adrian Grenier- Kevin Connolly- Jerry Ferrara- Kevin Dillon
The Strangers,Scott Speedman- Liv Tyler- Gemma Ward- Alex Fisher
Noah,Russell Crowe- Jennifer Connelly- Anthony Hopkins- Emma Watson
Neighbors,Seth Rogen- Rose Byrne- Zac Efron- Lisa Kudrow
Nymphomaniac: Vol. II,Charlotte Gainsbourg- Stellan Skarsgård- Willem Dafoe- Jamie Bell
Wild,Reese Witherspoon- Laura Dern- Gaby Hoffmann-Michiel Huisman
Grown Ups,Adam Sandler- Salma Hayek- Kevin James- Chris Rock
Blair Witch,James Allen McCune- Callie Hernandez- Corbin Reid- Brandon Scott
The Karate Kid,Jackie Chan- Jaden Smith- Taraji P. Henson- Wenwen Han
Dark Shadows,Johnny Depp- Michelle Pfeiffer- Eva Green- Helena Bonham Carter
Friends with Benefits,Mila Kunis- Justin Timberlake- Patricia Clarkson- Jenna Elfman
The Illusionist,Edward Norton- Jessica Biel- Paul Giamatti- Rufus Sewell
The A-Team,Liam Neeson- Bradley Cooper- Sharlto Copley-Jessica Biel
The Guest,Dan Stevens- Sheila Kelley- Maika Monroe- Joel David Moore
The Internship,Vince Vaughn- Owen Wilson- Rose Byrne- Aasif Mandvi
Paul,Simon Pegg- Nick Frost- Seth Rogen- Mia Stallard
This Beautiful Fantastic,Jessica Brown Findlay- Andrew Scott- Jeremy Irvine-Tom Wilkinson
The Da Vinci Code,Tom Hanks- Audrey Tautou- Jean Reno- Ian McKellen
Mr. Church,Eddie Murphy- Britt Robertson- Natascha McElhone- Xavier Samuel
Hugo,Asa Butterfield- Chloë Grace Moretz- Christopher Lee- Ben Kingsley
The Blackcoat's Daughter,Emma Roberts- Kiernan Shipka- Lauren Holly- Lucy Boynton
Body of Lies,Leonardo DiCaprio- Russell Crowe- Mark Strong-Golshifteh Farahani
Knight of Cups,Christian Bale- Cate Blanchett- Natalie Portman-Brian Dennehy
The Mummy: Tomb of the Dragon Emperor,Brendan Fraser- Jet Li- Maria Bello- Michelle Yeoh
The Boss,Melissa McCarthy- Kristen Bell- Peter Dinklage- Ella Anderson
Hands of Stone,Edgar Ramírez- Usher Raymond- Robert De Niro- Rubén Blades
El secreto de sus ojos,Ricardo Darín- Soledad Villamil- Pablo Rago-Carla Quevedo
True Grit,Jeff Bridges- Matt Damon- Hailee Steinfeld-Josh Brolin
We Are Your Friends,Zac Efron- Wes Bentley- Emily Ratajkowski- Jonny Weston
A Million Ways to Die in the West,Seth MacFarlane- Charlize Theron- Liam Neeson-Amanda Seyfried
Only for One Night,Brian White- Karrueche Tran- Angelique Pereira-Jessica Vanessa DeLeon
Rules Don't Apply,Lily Collins- Haley Bennett- Taissa Farmiga- Steve Tom
Ouija: Origin of Evil,Elizabeth Reaser- Lulu Wilson- Annalise Basso-Henry Thomas
Percy Jackson: Sea of Monsters,Logan Lerman- Alexandra Daddario- Brandon T. Jackson- Nathan Fillion
Fracture,Anthony Hopkins- Ryan Gosling- David Strathairn-Rosamund Pike
Oculus,Karen Gillan- Brenton Thwaites- Katee Sackhoff-Rory Cochrane
In Bruges,Colin Farrell- Brendan Gleeson- Ciarán Hinds-Elizabeth Berrington
This Means War,Reese Witherspoon- Chris Pine- Tom Hardy- Til Schweiger
Lída Baarová,Tatiana Pauhofová- Karl Markovics- Gedeon Burkhard-Simona Stasová
The Road,Viggo Mortensen- Charlize Theron- Kodi Smit-McPhee-Robert Duvall
Lavender,Abbie Cornish- Dermot Mulroney- Justin Long-Diego Klattenhoff
Deuces,Larenz Tate- Meagan Good- Rotimi- Rick Gonzalez
Conan the Barbarian,Jason Momoa- Ron Perlman- Rose McGowan-Stephen Lang
The Fighter,Mark Wahlberg- Christian Bale- Amy Adams-Melissa Leo
August Rush,Freddie Highmore- Keri Russell- Jonathan Rhys Meyers- Terrence Howard
Chef,Jon Favreau- Robert Downey Jr.- Scarlett Johansson-Dustin Hoffman
Eye in the Sky,Helen Mirren- Aaron Paul- Alan Rickman- Barkhad Abdi
Eagle Eye,Shia LaBeouf- Michelle Monaghan- Rosario Dawson-Michael Chiklis
The Purge,Ethan Hawke- Lena Headey- Max Burkholder-Adelaide Kane
PK,Aamir Khan- Anushka Sharma- Sanjay Dutt-Boman Irani
Ender's Game,Harrison Ford- Asa Butterfield- Hailee Steinfeld- Abigail Breslin
Indiana Jones and the Kingdom of the Crystal Skull,Harrison Ford- Cate Blanchett- Shia LaBeouf-Karen Allen
Paper Towns,Nat Wolff- Cara Delevingne- Austin Abrams- Justice Smith
High-Rise,Tom Hiddleston- Jeremy Irons- Sienna Miller- Luke Evans
Quantum of Solace,Daniel Craig- Olga Kurylenko- Mathieu Amalric- Judi Dench
The Assignment,Sigourney Weaver- Michelle Rodriguez- Tony Shalhoub-Anthony LaPaglia
How to Train Your Dragon,Jay Baruchel- Gerard Butler-Christopher Mintz-Plasse- Craig Ferguson
Lady in the Water,Paul Giamatti- Bryce Dallas Howard- Jeffrey Wright- Bob Balaban
The Fountain,Hugh Jackman- Rachel Weisz- Sean Patrick Thomas- Ellen Burstyn
Cars 2,Owen Wilson- Larry the Cable Guy-Michael Caine- Emily Mortimer
31,Malcolm McDowell- Richard Brake- Jeff Daniel Phillips-Sheri Moon Zombie
Final Girl,Abigail Breslin- Wes Bentley- Logan Huffman-Alexander Ludwig
Chalk It Up,Maddy Curley- John DeLuca- Nikki SooHoo- Drew Seeley
The Man Who Knew Infinity,Dev Patel- Jeremy Irons- Malcolm Sinclair- Raghuvir Joshi
Unknown,Liam Neeson- Diane Kruger- January Jones-Aidan Quinn
Self/less,Ryan Reynolds- Natalie Martinez- Matthew Goode-Ben Kingsley
Mr. Brooks,Kevin Costner- Demi Moore- William Hurt- Dane Cook
Tramps,Callum Turner- Grace Van Patten- Michal Vondel- Mike Birbiglia
Before We Go,Chris Evans- Alice Eve- Emma Fitzpatrick- John Cullum
Captain Phillips,Tom Hanks- Barkhad Abdi- Barkhad Abdirahman-Catherine Keener
The Secret Scripture,Rooney Mara- Eric Bana- Theo James- Aidan Turner
Max Steel,Ben Winchell- Josh Brener- Maria Bello- Andy Garcia
Hotel Transylvania 2,Adam Sandler- Andy Samberg- Selena Gomez- Kevin James
Hancock,Will Smith- Charlize Theron- Jason Bateman- Jae Head
Sisters,Amy Poehler- Tina Fey- Maya Rudolph- Ike Barinholtz
The Family,Robert De Niro- Michelle Pfeiffer- Dianna Agron- John D'Leo
Zack and Miri Make a Porno,Seth Rogen- Elizabeth Banks- Craig Robinson- Gerry Bednob
Ma vie de Courgette,Gaspard Schlatter- Sixtine Murat- Paulin Jaccoud-Michel Vuillermoz
Man on a Ledge,Sam Worthington- Elizabeth Banks- Jamie Bell- Mandy Gonzalez
No Strings Attached,Natalie Portman- Ashton Kutcher- Kevin Kline- Cary Elwes
Rescue Dawn,Christian Bale- Steve Zahn- Jeremy Davies- Zach Grenier
Despicable Me 2,Steve Carell- Kristen Wiig- Benjamin Bratt- Miranda Cosgrove
A Walk Among the Tombstones,Liam Neeson- Dan Stevens- David Harbour- Boyd Holbrook
The World's End,Simon Pegg- Nick Frost- Martin Freeman- Rosamund Pike
Yoga Hosers,Lily-Rose Depp- Harley Quinn Smith- Johnny Depp-Adam Brody
Seven Psychopaths,Colin Farrell- Woody Harrelson- Sam Rockwell-Christopher Walken
Beowulf,Ray Winstone- Crispin Glover- Angelina Jolie-Robin Wright
Jack Ryan: Shadow Recruit,Chris Pine- Kevin Costner- Keira Knightley-Kenneth Branagh
1408,John Cusack- Samuel L. Jackson- Mary McCormack- Paul Birchard
The Gambler,Mark Wahlberg- Jessica Lange- John Goodman- Brie Larson
Prince of Persia: The Sands of Time,Jake Gyllenhaal- Gemma Arterton- Ben Kingsley-Alfred Molina
The Spectacular Now,Miles Teller- Shailene Woodley- Kyle Chandler-Jennifer Jason Leigh
A United Kingdom,David Oyelowo- Rosamund Pike- Tom Felton- Jack Davenport
USS Indianapolis: Men of Courage,Nicolas Cage- Tom Sizemore- Thomas Jane-Matt Lanter
Turbo Kid,Munro Chambers- Laurence Leboeuf- Michael Ironside- Edwin Wright
Mama,Jessica Chastain- Nikolaj Coster-Waldau- Megan Charpentier- Isabelle Nélisse
Orphan,Vera Farmiga- Peter Sarsgaard- Isabelle Fuhrman- CCH Pounder
To Rome with Love,Woody Allen- Penélope Cruz- Jesse Eisenberg- Ellen Page
Fantastic Mr. Fox,George Clooney- Meryl Streep- Bill Murray- Jason Schwartzman
Inside Man,Denzel Washington- Clive Owen- Jodie Foster-Christopher Plummer
I.T.,Pierce Brosnan- Jason Barry- Karen Moskow- Kai Ryssdal
127 Hours,James Franco- Amber Tamblyn- Kate Mara- Sean Bott
Annabelle,Ward Horton- Annabelle Wallis- Alfre Woodard-Tony Amendola
Wolves at the Door,Katie Cassidy- Elizabeth Henstridge- Adam Campbell- Miles Fisher
Suite Française,Michelle Williams- Kristin Scott Thomas- Margot Robbie-Eric Godon
The Imaginarium of Doctor Parnassus,Christopher Plummer- Lily Cole- Heath Ledger-Andrew Garfield
G.I. Joe: The Rise of Cobra,Dennis Quaid- Channing Tatum- Marlon Wayans-Adewale Akinnuoye-Agbaje
Christine,Rebecca Hall- Michael C. Hall- Tracy Letts- Maria Dizzia
Man Down,Shia LaBeouf- Jai Courtney- Gary Oldman- Kate Mara
Crawlspace,Michael Vartan- Erin Moriarty- Nadine Velazquez-Ronnie Gene Blevins
Shut In,Naomi Watts- Charlie Heaton- Jacob Tremblay-Oliver Platt
The Warriors Gate,Mark Chao- Ni Ni- Dave Bautista- Sienna Guillory
Grindhouse,Kurt Russell- Rose McGowan- Danny Trejo- Zoë Bell
Disaster Movie,Carmen Electra- Vanessa Lachey-Nicole Parker- Matt Lanter
Rocky Balboa,Sylvester Stallone- Antonio Tarver- Milo Ventimiglia- Burt Young
Diary of a Wimpy Kid: Dog Days,Zachary Gordon- Robert Capron- Devon Bostick-Steve Zahn
Jane Eyre,Mia Wasikowska- Michael Fassbender- Jamie Bell- Su Elliot
Fool's Gold,Matthew McConaughey- Kate Hudson- Donald Sutherland- Alexis Dziena
The Dictator,Sacha Baron Cohen- Anna Faris- John C. Reilly- Ben Kingsley
The Loft,Karl Urban- James Marsden- Wentworth Miller- Eric Stonestreet
Bacalaureat,Adrian Titieni- Maria-Victoria Dragus- Lia Bugnar-Malina Manovici
You Don't Mess with the Zohan,Adam Sandler- John Turturro- Emmanuelle Chriqui-Nick Swardson
Exposed,Ana de Armas- Keanu Reeves- Christopher McDonald- Mira Sorvino
Maudie,Ethan Hawke- Sally Hawkins- Kari Matchett- Zachary Bennett
Horrible Bosses 2,Jason Bateman- Jason Sudeikis- Charlie Day- Jennifer Aniston
A Bigger Splash,Tilda Swinton- Matthias Schoenaerts- Ralph Fiennes- Dakota Johnson
Melancholia,Kirsten Dunst- Charlotte Gainsbourg- Kiefer Sutherland- Alexander Skarsgård
The Princess and the Frog,Anika Noni Rose- Keith David- Oprah Winfrey- Bruno Campos
Unstoppable,Denzel Washington- Chris Pine- Rosario Dawson- Ethan Suplee
Flight,Denzel Washington- Nadine Velazquez- Don Cheadle- John Goodman
Home,Jim Parsons- Rihanna- Steve Martin- Jennifer Lopez
La migliore offerta,Geoffrey Rush- Jim Sturgess- Sylvia Hoeks-Donald Sutherland
Mean Dreams,Sophie Nélisse- Josh Wiggins- Joe Cobden- Bill Paxton
42,Chadwick Boseman- T.R. Knight- Harrison Ford-Nicole Beharie
21,Jim Sturgess- Kate Bosworth- Kevin Spacey- Aaron Yoo
Begin Again,Keira Knightley- Mark Ruffalo- Adam Levine- Hailee Steinfeld
Out of the Furnace,Christian Bale- Casey Affleck- Zoe Saldana- Woody Harrelson
Vicky Cristina Barcelona,Rebecca Hall- Scarlett Johansson- Javier Bardem-Christopher Evan Welch
Kung Fu Panda,Jack Black- Ian McShane-Angelina Jolie- Dustin Hoffman
Barbershop: The Next Cut,Ice Cube- Regina Hall- Anthony Anderson- Eve
Terminator Salvation,Christian Bale- Sam Worthington- Anton Yelchin- Moon Bloodgood
Freedom Writers,Hilary Swank- Imelda Staunton- Patrick Dempsey- Scott Glenn
The Hills Have Eyes,Ted Levine- Kathleen Quinlan- Dan Byrd- Emilie de Ravin
Changeling,Angelina Jolie- Colm Feore- Amy Ryan- Gattlin Griffith
Remember Me,Robert Pattinson- Emilie de Ravin- Caitlyn Rund-Moisés Acevedo
Koe no katachi,Miyu Irino- Saori Hayami- Aoi Yuki- Kenshô Ono
Alexander and the Terrible- Horrible- No Good- Very Bad Day,Steve Carell- Jennifer Garner- Ed Oxenbould- Dylan Minnette
Locke,Tom Hardy- Olivia Colman- Ruth Wilson- Andrew Scott
The 9th Life of Louis Drax,Jamie Dornan- Aiden Longworth- Sarah Gadon-Aaron Paul
Horns,Daniel Radcliffe- Juno Temple- Max Minghella- Joe Anderson
Indignation,Logan Lerman- Sarah Gadon- Tijuana Ricks- Sue Dahlman
The Stanford Prison Experiment,Ezra Miller- Tye Sheridan- Billy Crudup- Olivia Thirlby
Diary of a Wimpy Kid: Rodrick Rules,Zachary Gordon- Devon Bostick- Robert Capron-Rachael Harris
Mission: Impossible III,Tom Cruise- Michelle Monaghan- Ving Rhames- Philip Seymour Hoffman
En man som heter Ove,Rolf Lassgård- Bahar Pars- Filip Berg- Ida Engvoll
Dragonball Evolution,Justin Chatwin- James Marsters- Yun-Fat Chow- Emmy Rossum
Red Dawn,Chris Hemsworth- Isabel Lucas- Josh Hutcherson- Josh Peck
One Day,Anne Hathaway- Jim Sturgess- Patricia Clarkson-Tom Mison
Life as We Know It,Katherine Heigl- Josh Duhamel- Josh Lucas- Alexis Clagett
28 Weeks Later,Jeremy Renner- Rose Byrne- Robert Carlyle- Harold Perrineau
Warm Bodies,Nicholas Hoult- Teresa Palmer- John Malkovich-Analeigh Tipton
Blue Jasmine,Cate Blanchett- Alec Baldwin- Peter Sarsgaard- Sally Hawkins
G.I. Joe: Retaliation,Dwayne Johnson- Channing Tatum- Adrianne Palicki-Byung-hun Lee
Wrath of the Titans,Sam Worthington- Liam Neeson- Rosamund Pike- Ralph Fiennes
Shin Gojira,Hiroki Hasegawa- Yutaka Takenouchi-Satomi Ishihara- Ren Ôsugi
Saving Mr. Banks,Emma Thompson- Tom Hanks- Annie Rose Buckley- Colin Farrell
Transcendence,Johnny Depp- Rebecca Hall- Morgan Freeman- Cillian Murphy
Rio,Jesse Eisenberg- Anne Hathaway- George Lopez-Karen Disher
Equals,Nicholas Hoult- Kristen Stewart- Vernetta Lopez-Scott Lawrence
Babel,Brad Pitt- Cate Blanchett- Gael García Bernal- Mohamed Akhzam
The Tree of Life,Brad Pitt- Sean Penn- Jessica Chastain- Hunter McCracken
The Lucky One,Zac Efron- Taylor Schilling- Blythe Danner- Riley Thomas Stewart
Piranha 3D,Elisabeth Shue- Jerry O'Connell- Richard Dreyfuss-Ving Rhames
50/50,Joseph Gordon-Levitt- Seth Rogen- Anna Kendrick- Bryce Dallas Howard
The Intent,Dylan Duffus- Scorcher-Shone Romulus- Jade Asha
This Is 40,Paul Rudd- Leslie Mann- Maude Apatow- Iris Apatow
Real Steel,Hugh Jackman- Evangeline Lilly- Dakota Goyo-Anthony Mackie
Sex and the City,Sarah Jessica Parker- Kim Cattrall- Cynthia Nixon- Kristin Davis
Rambo,Sylvester Stallone- Julie Benz- Matthew Marsden- Graham McTavish
Planet Terror,Rose McGowan- Freddy Rodríguez- Josh Brolin-Marley Shelton
Concussion,Will Smith- Alec Baldwin- Albert Brooks- David Morse
The Fall,Lee Pace- Catinca Untaru- Justine Waddell- Kim Uylenbroek
The Ugly Truth,Katherine Heigl- Gerard Butler- Bree Turner- Eric Winter
Bride Wars,Kate Hudson- Anne Hathaway- Candice Bergen- Bryan Greenberg
Sleeping with Other People,Jason Sudeikis- Alison Brie- Jordan Carlos-Margarita Levieva
Snakes on a Plane,Samuel L. Jackson- Julianna Margulies- Nathan Phillips- Rachel Blanchard
What If,Daniel Radcliffe- Zoe Kazan- Megan Park- Adam Driver
How to Train Your Dragon 2,Jay Baruchel- Cate Blanchett- Gerard Butler- Craig Ferguson
RoboCop,Joel Kinnaman- Gary Oldman- Michael Keaton- Abbie Cornish
In Dubious Battle,Nat Wolff- James Franco- Vincent D'Onofrio- Selena Gomez
Hello- My Name Is Doris,Sally Field- Max Greenfield- Tyne Daly- Wendi McLendon-Covey
Ocean's Thirteen,George Clooney- Brad Pitt- Matt Damon-Michael Mantell
Slither,Nathan Fillion- Elizabeth Banks- Michael Rooker- Don Thompson
Contagion,Matt Damon- Kate Winslet- Jude Law- Gwyneth Paltrow
Il racconto dei racconti - Tale of Tales,Salma Hayek- Vincent Cassel- Toby Jones- John C. Reilly
I Am the Pretty Thing That Lives in the House,Ruth Wilson- Paula Prentiss- Lucy Boynton- Bob Balaban
Bridge to Terabithia,Josh Hutcherson- AnnaSophia Robb- Zooey Deschanel- Robert Patrick
Coherence,Emily Baldoni- Maury Sterling- Nicholas Brendon- Elizabeth Gracen
Notorious,Jamal Woolard- Anthony Mackie- Derek Luke-Momo Dione
Goksung,Jun Kunimura- Jung-min Hwang- Do-won Kwak- Woo-hee Chun
The Expendables 2,Sylvester Stallone- Liam Hemsworth- Randy Couture-Jean-Claude Van Damme
The Girl Next Door,William Atherton- Blythe Auffarth- Blanche Baker-Kevin Chamberlin
Perfume: The Story of a Murderer,Ben Whishaw- Dustin Hoffman- Alan Rickman-Francesc Albiol
The Golden Compass,Nicole Kidman- Daniel Craig- Dakota Blue Richards- Ben Walker
Centurion,Michael Fassbender- Dominic West- Olga Kurylenko-Andreas Wisniewski
Scouts Guide to the Zombie Apocalypse,Tye Sheridan- Logan Miller- Joey Morgan-Sarah Dumont
17 Again,Zac Efron- Matthew Perry- Leslie Mann- Thomas Lennon
No Escape,Lake Bell- Pierce Brosnan- Owen Wilson-Chatchawai Kamonsakpitak
Superman Returns,Brandon Routh- Kevin Spacey- Kate Bosworth- James Marsden
The Twilight Saga: Breaking Dawn - Part 1,Kristen Stewart- Robert Pattinson- Taylor Lautner- Gil Birmingham
Precious,Gabourey Sidibe- Mo'Nique- Paula Patton- Mariah Carey
The Sea of Trees,Matthew McConaughey- Naomi Watts- Ken Watanabe-Ryoko Seta
Good Kids,Zoey Deutch- Nicholas Braun- Mateo Arias- Israel Broussard
The Master,Philip Seymour Hoffman- Joaquin Phoenix-Amy Adams- Jesse Plemons
Footloose,Kenny Wormald- Julianne Hough- Dennis Quaid-Andie MacDowell
If I Stay,Chloë Grace Moretz- Mireille Enos- Jamie Blackley-Joshua Leonard
The Ticket,Dan Stevens- Malin Akerman- Oliver Platt- Kerry Bishé
Detour,Tye Sheridan- Emory Cohen- Bel Powley-Stephen Moyer
The Love Witch,Samantha Robinson- Jeffrey Vincent Parise- Laura Waddell- Gian Keys
Talladega Nights: The Ballad of Ricky Bobby,Will Ferrell- John C. Reilly- Sacha Baron Cohen- Gary Cole
The Human Centipede (First Sequence),Dieter Laser- Ashley C. Williams- Ashlynn Yennie- Akihiro Kitamura
Super,Rainn Wilson- Ellen Page- Liv Tyler- Kevin Bacon
The Siege of Jadotville,Jamie Dornan- Mark Strong- Jason O'Mara- Michael McElhatton
Up in the Air,George Clooney- Vera Farmiga- Anna Kendrick-Jason Bateman
The Midnight Meat Train,Vinnie Jones- Bradley Cooper- Leslie Bibb- Brooke Shields
The Twilight Saga: Eclipse,Kristen Stewart- Robert Pattinson- Taylor Lautner-Xavier Samuel
Transpecos,Johnny Simmons- Gabriel Luna- Clifton Collins Jr.-David Acord
What's Your Number?,Anna Faris- Chris Evans- Ari Graynor- Blythe Danner
Riddick,Vin Diesel- Karl Urban- Katee Sackhoff- Jordi Mollà
Triangle,Melissa George- Joshua McIvor- Jack Taylor-Michael Dorman
The Butler,Forest Whitaker- Oprah Winfrey- John Cusack- Jane Fonda
King Cobra,Garrett Clayton- Christian Slater- Molly Ringwald-James Kelley
After Earth,Jaden Smith- David Denman- Will Smith-Sophie Okonedo
Kicks,Jahking Guillory- Christopher Jordan Wallace-Christopher Meyer- Kofi Siriboe
Me and Earl and the Dying Girl,Thomas Mann- RJ Cyler- Olivia Cooke- Nick Offerman
The Descendants,George Clooney- Shailene Woodley- Amara Miller- Nick Krause
Sex and the City 2,Sarah Jessica Parker- Kim Cattrall- Kristin Davis- Cynthia Nixon
The Kings of Summer,Nick Robinson- Gabriel Basso- Moises Arias-Nick Offerman
Death Race,Jason Statham- Joan Allen- Tyrese Gibson- Ian McShane
That Awkward Moment,Zac Efron- Michael B. Jordan- Miles Teller- Imogen Poots
Legion,Paul Bettany- Dennis Quaid- Charles S. Dutton- Lucas Black
End of Watch,Jake Gyllenhaal- Michael Peña- Anna Kendrick- America Ferrera
3 Days to Kill,Kevin Costner- Hailee Steinfeld- Connie Nielsen- Amber Heard
Lucky Number Slevin,Josh Hartnett- Ben Kingsley- Morgan Freeman- Lucy Liu
Trance,James McAvoy- Rosario Dawson- Vincent Cassel-Danny Sapani
Into the Forest,Ellen Page- Evan Rachel Wood- Max Minghella-Callum Keith Rennie
The Other Boleyn Girl,Natalie Portman- Scarlett Johansson- Eric Bana-Jim Sturgess
I Spit on Your Grave,Sarah Butler- Jeff Branson- Andrew Howard-Daniel Franzese
Custody,Viola Davis- Hayden Panettiere- Catalina Sandino Moreno- Ellen Burstyn
Inland Empire,Laura Dern- Jeremy Irons- Justin Theroux- Karolina Gruszka
L'odyssée,Lambert Wilson- Pierre Niney- Audrey Tautou-Laurent Lucas
The Walk,Joseph Gordon-Levitt- Charlotte Le Bon-Guillaume Baillargeon- Émilie Leclerc
Wrecker,Anna Hutchison- Andrea Whitburn-Jennifer Koenig-Michael Dickson
The Lone Ranger,Johnny Depp- Armie Hammer- William Fichtner-Tom Wilkinson
Texas Chainsaw 3D,Alexandra Daddario- Tania Raymonde- Scott Eastwood- Trey Songz
Disturbia,Shia LaBeouf- David Morse- Carrie-Anne Moss- Sarah Roemer
Rock of Ages,Julianne Hough- Diego Boneta- Tom Cruise- Alec Baldwin
Scream 4,Neve Campbell- Courteney Cox- David Arquette- Lucy Hale
Queen of Katwe,Madina Nalwanga- David Oyelowo- Lupita Nyong'o- Martin Kabanza
My Big Fat Greek Wedding 2,Nia Vardalos- John Corbett- Michael Constantine- Lainie Kazan
Dark Places,Charlize Theron- Nicholas Hoult- Christina Hendricks- Chloë Grace Moretz
Amateur Night,Jason Biggs- Janet Montgomery-Ashley Tisdale- Bria L. Murphy
It's Only the End of the World,Nathalie Baye- Vincent Cassel- Marion Cotillard- Léa Seydoux
The Skin I Live In,Antonio Banderas- Elena Anaya- Jan Cornet-Marisa Paredes
Miracles from Heaven,Jennifer Garner- Kylie Rogers- Martin Henderson-Brighton Sharbino
Annie,Quvenzhané Wallis- Cameron Diaz- Jamie Foxx- Rose Byrne
Across the Universe,Evan Rachel Wood- Jim Sturgess- Joe Anderson- Dana Fuchs
Let's Be Cops,Jake Johnson- Damon Wayans Jr.- Rob Riggle- Nina Dobrev
Max,Thomas Haden Church- Josh Wiggins- Luke Kleintank-Lauren Graham
Your Highness,Danny McBride- Natalie Portman- James Franco- Rasmus Hardiker
Final Destination 5,Nicholas D'Agosto- Emma Bell- Arlen Escarpeta- Miles Fisher
Endless Love,Gabriella Wilde- Alex Pettyfer- Bruce Greenwood-Robert Patrick
Martyrs,Morjana Alaoui- Mylène Jampanoï- Catherine Bégin-Robert Toupin
Selma,David Oyelowo- Carmen Ejogo- Tim Roth- Lorraine Toussaint
Underworld: Rise of the Lycans,Rhona Mitra- Michael Sheen- Bill Nighy- Steven MackintoshChris Pratt- Michael Sheen-Laurence Fishburne